ticker,TradingDate,Open,High,Low,Close,Volume
HSV,2023-02-06,3900.0,4000.0,3800.0,3900.0,11600
CST,2023-02-06,21000.0,21300.0,20200.0,20600.0,460600
BVL,2023-02-06,14600.0,14600.0,14600.0,14600.0,2800
SGI,2023-02-06,18400.0,19900.0,18400.0,19900.0,400
VTZ,2023-02-06,8100.0,8100.0,8100.0,8100.0,3100
SSH,2023-02-06,67100.0,67700.0,66600.0,67100.0,116100
BCA,2023-02-06,4800.0,4800.0,4700.0,4700.0,14200
FUEIP100,2023-02-06,7580.0,7650.0,7500.0,7650.0,35800
GMH,2023-02-06,10500.0,10500.0,10200.0,10500.0,1800
BIG,2023-02-06,7000.0,7900.0,6800.0,7400.0,225900
CMM,2023-02-06,9400.0,9400.0,9400.0,9400.0,1000
FUEKIV30,2023-02-06,7550.0,7550.0,6950.0,7100.0,55000
ODE,2023-02-06,42100.0,43300.0,42100.0,43300.0,57600
HMR,2023-02-06,6600.0,6700.0,6600.0,6700.0,3100
PCH,2023-02-06,5000.0,5000.0,5000.0,5000.0,13300
NO1,2023-02-06,8900.0,8950.0,8800.0,8950.0,31800
PPT,2023-02-06,19600.0,19600.0,19400.0,19600.0,10100
CAR,2023-02-06,27900.0,28700.0,27900.0,28700.0,2400
GPC,2023-02-06,8500.0,8500.0,8300.0,8500.0,41600
FUEDCMID,2023-02-06,8440.0,8500.0,8370.0,8500.0,23500
FUEKIVFS,2023-02-06,9030.0,9130.0,9030.0,9130.0,50100
GCF,2023-02-06,15800.0,16400.0,15800.0,15800.0,700
LPT,2023-02-06,9300.0,9900.0,9300.0,9900.0,1500
AAA,2023-02-06,8120.0,8250.0,8090.0,8250.0,3167000
AAM,2023-02-06,11450.0,11550.0,11200.0,11200.0,1800
AAT,2023-02-06,5440.0,5490.0,5310.0,5400.0,701900
AAV,2023-02-06,4700.0,5000.0,4700.0,5000.0,287500
ABB,2023-02-06,8400.0,8500.0,8300.0,8400.0,1043000
ABI,2023-02-06,34300.0,34300.0,33100.0,33500.0,33900
ABR,2023-02-06,11000.0,11400.0,11000.0,11400.0,1100
ABS,2023-02-06,6050.0,6060.0,5920.0,6060.0,404400
ABT,2023-02-06,34550.0,34550.0,34550.0,34550.0,0
ACB,2023-02-06,24400.0,25150.0,24150.0,24900.0,2378600
ACC,2023-02-06,13200.0,13200.0,12900.0,13150.0,37400
ACE,2023-02-06,40000.0,40000.0,40000.0,40000.0,100
ACL,2023-02-06,11550.0,11750.0,11450.0,11500.0,75500
ACM,2023-02-06,700.0,700.0,700.0,700.0,0
ACS,2023-02-06,14500.0,14500.0,14500.0,14500.0,0
ACV,2023-02-06,84500.0,84900.0,84500.0,84500.0,7600
ADC,2023-02-06,15600.0,15600.0,15600.0,15600.0,101
ADP,2023-02-06,17500.0,17500.0,17500.0,17500.0,0
AFX,2023-02-06,11200.0,11200.0,10600.0,10700.0,30900
AGF,2023-02-06,2400.0,2400.0,2400.0,2400.0,0
CKA,2023-02-06,30000.0,30000.0,30000.0,30000.0,0
AGP,2023-02-06,22500.0,22500.0,22000.0,22000.0,5200
AGM,2023-02-06,6420.0,6420.0,6050.0,6050.0,196900
CAG,2023-02-06,7800.0,8000.0,7800.0,8000.0,66100
LTG,2023-02-06,27800.0,28200.0,27600.0,28000.0,197500
AGR,2023-02-06,8100.0,8100.0,7970.0,8080.0,280400
AGG,2023-02-06,29600.0,29700.0,29450.0,29550.0,95200
AGX,2023-02-06,35000.0,35000.0,35000.0,35000.0,0
AG1,2023-02-06,4800.0,4800.0,4800.0,4800.0,0
AGE,2023-02-06,13000.0,13000.0,13000.0,13000.0,0
ALT,2023-02-06,14900.0,14900.0,14900.0,14900.0,0
ALV,2023-02-06,3900.0,3900.0,3400.0,3500.0,23200
AMC,2023-02-06,22500.0,22500.0,22500.0,22500.0,0
AMD,2023-02-06,1190.0,1260.0,1180.0,1260.0,1783000
AME,2023-02-06,10700.0,10700.0,10700.0,10700.0,4300
AMP,2023-02-06,10900.0,10900.0,10900.0,10900.0,0
AMV,2023-02-06,3700.0,3800.0,3600.0,3700.0,544600
ACG,2023-02-06,45600.0,45900.0,45400.0,45900.0,5900
ANT,2023-02-06,9200.0,9200.0,8500.0,8500.0,6600
ANV,2023-02-06,29000.0,30000.0,28500.0,29600.0,848600
APC,2023-02-06,13500.0,13500.0,13500.0,13500.0,2100
APF,2023-02-06,71500.0,72500.0,71500.0,72500.0,800
APG,2023-02-06,5810.0,5810.0,5600.0,5650.0,865800
APH,2023-02-06,7500.0,7500.0,7320.0,7500.0,951900
API,2023-02-06,9600.0,9800.0,9500.0,9700.0,158900
APL,2023-02-06,24800.0,24800.0,24800.0,24800.0,0
APP,2023-02-06,4700.0,4700.0,4700.0,4700.0,127
APS,2023-02-06,9700.0,9800.0,9500.0,9700.0,684300
HII,2023-02-06,4350.0,4420.0,4350.0,4390.0,98000
ARM,2023-02-06,45000.0,45000.0,45000.0,45000.0,0
ASA,2023-02-06,12600.0,12600.0,12600.0,12600.0,0
A32,2023-02-06,31000.0,31000.0,31000.0,31000.0,0
ASG,2023-02-06,26100.0,26100.0,24500.0,25000.0,5400
ASM,2023-02-06,8730.0,8920.0,8670.0,8890.0,1894200
ASP,2023-02-06,5950.0,5980.0,5600.0,5670.0,51400
ATA,2023-02-06,1100.0,1100.0,1100.0,1100.0,0
ATG,2023-02-06,2600.0,2600.0,2600.0,2600.0,0
ATB,2023-02-06,800.0,800.0,800.0,800.0,0
ATS,2023-02-06,12900.0,12900.0,12900.0,12900.0,15
AVF,2023-02-06,600.0,600.0,600.0,600.0,0
AVC,2023-02-06,39000.0,39000.0,39000.0,39000.0,2701
B82,2023-02-06,700.0,700.0,700.0,700.0,0
BAF,2023-02-06,19000.0,19200.0,18450.0,19150.0,1540100
BAL,2023-02-06,6300.0,6300.0,6300.0,6300.0,0
BCV,2023-02-06,21500.0,21500.0,21500.0,21500.0,0
BNA,2023-02-06,12100.0,12300.0,12000.0,12300.0,19600
BRR,2023-02-06,21400.0,21400.0,21400.0,21400.0,1600
BLW,2023-02-06,20100.0,20100.0,20100.0,20100.0,0
BBC,2023-02-06,54000.0,54000.0,54000.0,54000.0,200
VLB,2023-02-06,30700.0,31900.0,30000.0,31000.0,285400
BBH,2023-02-06,11000.0,11000.0,11000.0,11000.0,0
BBS,2023-02-06,11000.0,11000.0,11000.0,11000.0,1
BBT,2023-02-06,8400.0,8400.0,8400.0,8400.0,0
BCB,2023-02-06,400.0,400.0,400.0,400.0,0
BCC,2023-02-06,10400.0,10600.0,10200.0,10400.0,368300
BCE,2023-02-06,6340.0,6350.0,6230.0,6230.0,16400
BCG,2023-02-06,7100.0,7150.0,6960.0,7080.0,2455600
BCP,2023-02-06,9600.0,9600.0,9600.0,9600.0,0
BDB,2023-02-06,12900.0,12900.0,11800.0,11800.0,200
MVC,2023-02-06,6400.0,6400.0,6300.0,6300.0,3900
BFC,2023-02-06,16800.0,16950.0,16700.0,16850.0,35600
BDG,2023-02-06,31400.0,31400.0,31400.0,31400.0,200
BSA,2023-02-06,17700.0,17700.0,17600.0,17600.0,600
PRT,2023-02-06,11900.0,11900.0,11900.0,11900.0,100
BDW,2023-02-06,30500.0,30500.0,30500.0,30500.0,0
BED,2023-02-06,39900.0,39900.0,39900.0,39900.0,0
BEL,2023-02-06,11700.0,11700.0,11700.0,11700.0,0
NBT,2023-02-06,13000.0,13000.0,13000.0,13000.0,0
BGW,2023-02-06,17000.0,17000.0,17000.0,17000.0,0
BHA,2023-02-06,15000.0,15000.0,15000.0,15000.0,100
BHC,2023-02-06,2400.0,2400.0,2400.0,2400.0,0
BHK,2023-02-06,12200.0,12200.0,12200.0,12200.0,0
BHN,2023-02-06,45200.0,45900.0,45200.0,45500.0,600
BHP,2023-02-06,6500.0,6500.0,6500.0,6500.0,7100
BHT,2023-02-06,14700.0,14700.0,14700.0,14700.0,0
BIC,2023-02-06,27350.0,27350.0,26400.0,26400.0,4900
BID,2023-02-06,43300.0,45000.0,42900.0,45000.0,1741500
BCM,2023-02-06,84500.0,84500.0,83900.0,84000.0,68900
BLT,2023-02-06,30500.0,30500.0,30500.0,30500.0,1000
DBD,2023-02-06,40550.0,41000.0,40550.0,41000.0,14700
BHG,2023-02-06,13500.0,13500.0,13500.0,13500.0,0
BII,2023-02-06,2300.0,2300.0,2200.0,2200.0,696100
BIO,2023-02-06,23800.0,23800.0,23800.0,23800.0,0
BWE,2023-02-06,46850.0,47000.0,46200.0,46550.0,22100
BKC,2023-02-06,9900.0,9900.0,9900.0,9900.0,1
BKG,2023-02-06,3830.0,3960.0,3820.0,3900.0,83700
BLF,2023-02-06,3200.0,3200.0,3200.0,3200.0,0
BLI,2023-02-06,12100.0,12100.0,12100.0,12100.0,1
MH3,2023-02-06,57000.0,57000.0,57000.0,57000.0,1500
DTB,2023-02-06,9800.0,9800.0,9800.0,9800.0,0
BMC,2023-02-06,12800.0,13700.0,12800.0,13400.0,22100
BMD,2023-02-06,10000.0,10000.0,10000.0,10000.0,0
BMF,2023-02-06,32700.0,32700.0,32700.0,32700.0,0
BMI,2023-02-06,25000.0,25800.0,24300.0,25750.0,205100
BMG,2023-02-06,25800.0,25800.0,25800.0,25800.0,0
BMJ,2023-02-06,15400.0,15400.0,15400.0,15400.0,100
BMN,2023-02-06,9000.0,9000.0,9000.0,9000.0,0
BMP,2023-02-06,59600.0,59600.0,57800.0,58500.0,390900
BMS,2023-02-06,5400.0,5500.0,5300.0,5400.0,26200
MBN,2023-02-06,7900.0,7900.0,7900.0,7900.0,0
BNW,2023-02-06,8700.0,8700.0,8700.0,8700.0,0
BOT,2023-02-06,3200.0,3300.0,3100.0,3200.0,86300
BPC,2023-02-06,10400.0,10400.0,10400.0,10400.0,100
BRC,2023-02-06,10100.0,10250.0,10100.0,10100.0,4000
BRS,2023-02-06,20000.0,20000.0,20000.0,20000.0,0
VTG,2023-02-06,17900.0,17900.0,17900.0,17900.0,0
BSC,2023-02-06,13000.0,13000.0,13000.0,13000.0,0
BSP,2023-02-06,14900.0,15100.0,14500.0,14800.0,5500
BSI,2023-02-06,18650.0,19000.0,18300.0,18650.0,150600
BSR,2023-02-06,16000.0,16100.0,15600.0,16100.0,5413000
BST,2023-02-06,17000.0,17000.0,17000.0,17000.0,100
BT6,2023-02-06,4000.0,4000.0,4000.0,4000.0,0
BTG,2023-02-06,8000.0,8000.0,8000.0,8000.0,0
BTH,2023-02-06,17600.0,17600.0,17600.0,17600.0,0
BTN,2023-02-06,4100.0,4100.0,4100.0,4100.0,100
BTP,2023-02-06,13750.0,13750.0,13300.0,13750.0,6900
BTS,2023-02-06,7400.0,7400.0,7200.0,7300.0,3000
BTT,2023-02-06,36950.0,36950.0,33200.0,33200.0,1900
BTD,2023-02-06,27500.0,27500.0,27500.0,27500.0,100
BTV,2023-02-06,14700.0,14700.0,14700.0,14700.0,0
BTU,2023-02-06,10100.0,10100.0,10100.0,10100.0,0
BTW,2023-02-06,27000.0,27000.0,27000.0,27000.0,0
BLN,2023-02-06,8900.0,8900.0,8900.0,8900.0,0
BVG,2023-02-06,2100.0,2200.0,2000.0,2100.0,8300
BVH,2023-02-06,49750.0,50600.0,49200.0,50600.0,592600
BVN,2023-02-06,11400.0,11400.0,11400.0,11400.0,0
TNH,2023-02-06,37900.0,38000.0,37000.0,38000.0,73300
BVS,2023-02-06,19000.0,19000.0,18500.0,18500.0,29200
BWA,2023-02-06,11000.0,11000.0,11000.0,11000.0,0
BWS,2023-02-06,28100.0,29900.0,28100.0,28600.0,800
BXH,2023-02-06,10800.0,10800.0,10800.0,10800.0,0
HNB,2023-02-06,17900.0,17900.0,17900.0,17900.0,0
C69,2023-02-06,5800.0,6000.0,5800.0,5900.0,37300
C21,2023-02-06,11000.0,11000.0,11000.0,11000.0,15799
C22,2023-02-06,15400.0,15400.0,15400.0,15400.0,0
C32,2023-02-06,18700.0,18700.0,18300.0,18450.0,67400
C47,2023-02-06,7930.0,7970.0,7400.0,7930.0,68000
TS3,2023-02-06,4700.0,4700.0,4700.0,4700.0,0
C92,2023-02-06,2700.0,2800.0,2700.0,2700.0,3100
CAD,2023-02-06,900.0,900.0,900.0,900.0,0
CPA,2023-02-06,11200.0,11200.0,11200.0,11200.0,0
CFV,2023-02-06,13600.0,16000.0,13600.0,14200.0,400
CAN,2023-02-06,39600.0,39600.0,39600.0,39600.0,500
CCT,2023-02-06,11900.0,11900.0,11900.0,11900.0,0
CAP,2023-02-06,71400.0,72000.0,71400.0,72000.0,9200
CCA,2023-02-06,16100.0,16100.0,16100.0,16100.0,0
HFB,2023-02-06,26600.0,26600.0,26600.0,26600.0,0
CAV,2023-02-06,55000.0,55000.0,55000.0,55000.0,1000
CMW,2023-02-06,12400.0,12400.0,12400.0,12400.0,0
KCB,2023-02-06,7500.0,7500.0,7500.0,7500.0,500
CBS,2023-02-06,56200.0,56200.0,56200.0,56200.0,2300
CCI,2023-02-06,26450.0,26450.0,26450.0,26450.0,0
CCL,2023-02-06,5450.0,5620.0,5410.0,5590.0,96300
VSM,2023-02-06,20200.0,20200.0,20200.0,20200.0,0
CCM,2023-02-06,64200.0,64200.0,64200.0,64200.0,0
CCR,2023-02-06,12500.0,12900.0,12200.0,12900.0,6701
CDC,2023-02-06,18400.0,18550.0,18100.0,18350.0,299500
CDH,2023-02-06,2600.0,2600.0,2600.0,2600.0,0
CDG,2023-02-06,3300.0,3300.0,3300.0,3300.0,0
CDO,2023-02-06,1300.0,1300.0,1300.0,1300.0,0
CEN,2023-02-06,4000.0,4000.0,3800.0,3900.0,195700
CRE,2023-02-06,8200.0,8400.0,8020.0,8260.0,491200
STK,2023-02-06,29600.0,30000.0,29000.0,29000.0,10800
CEO,2023-02-06,22900.0,23200.0,21900.0,23000.0,6805300
TW3,2023-02-06,12900.0,12900.0,12900.0,12900.0,0
CFM,2023-02-06,9500.0,9500.0,9500.0,9500.0,0
CH5,2023-02-06,3900.0,3900.0,3900.0,3900.0,0
CHC,2023-02-06,2900.0,2900.0,2900.0,2900.0,0
CLX,2023-02-06,13000.0,13200.0,12900.0,13100.0,94000
CHP,2023-02-06,24000.0,24400.0,24000.0,24250.0,10500
CI5,2023-02-06,11000.0,11000.0,11000.0,11000.0,0
CID,2023-02-06,6800.0,6800.0,6800.0,6800.0,0
CE1,2023-02-06,9000.0,9000.0,9000.0,9000.0,0
CEG,2023-02-06,2600.0,2600.0,2600.0,2600.0,0
C4G,2023-02-06,11700.0,11800.0,11400.0,11700.0,994900
C12,2023-02-06,4000.0,4000.0,4000.0,4000.0,0
CIG,2023-02-06,3830.0,3830.0,3570.0,3790.0,45300
CII,2023-02-06,13950.0,14200.0,13750.0,13900.0,1394900
CKG,2023-02-06,20000.0,20200.0,19500.0,19700.0,132400
CIP,2023-02-06,2400.0,2400.0,2400.0,2400.0,54900
CBI,2023-02-06,7000.0,7000.0,7000.0,7000.0,1
CJC,2023-02-06,30000.0,30000.0,30000.0,30000.0,0
CK8,2023-02-06,3500.0,3500.0,3500.0,3500.0,0
CKD,2023-02-06,31400.0,31400.0,31400.0,31400.0,0
CMK,2023-02-06,9500.0,9500.0,9500.0,9500.0,0
CKV,2023-02-06,15000.0,15000.0,15000.0,15000.0,3000
CLC,2023-02-06,35600.0,35900.0,34550.0,34550.0,500
ADG,2023-02-06,28750.0,30200.0,27200.0,27200.0,4000
CLG,2023-02-06,1000.0,1000.0,1000.0,1000.0,0
CLL,2023-02-06,27900.0,27900.0,27050.0,27800.0,4400
CMF,2023-02-06,181000.0,181000.0,181000.0,181000.0,100
CLW,2023-02-06,20850.0,20900.0,20850.0,20900.0,200
TVH,2023-02-06,34000.0,34000.0,34000.0,34000.0,0
CMC,2023-02-06,5300.0,5300.0,5300.0,5300.0,300
TIN,2023-02-06,10500.0,10500.0,10000.0,10200.0,700
CMG,2023-02-06,42950.0,43000.0,42000.0,42500.0,11800
CMI,2023-02-06,2300.0,2300.0,2300.0,2300.0,0
CMD,2023-02-06,17500.0,17500.0,17500.0,17500.0,100
CMP,2023-02-06,8100.0,8100.0,8100.0,8100.0,0
CMS,2023-02-06,7200.0,7700.0,7200.0,7300.0,9900
CAT,2023-02-06,21600.0,21800.0,21600.0,21700.0,1200
CMT,2023-02-06,12200.0,12300.0,12000.0,12100.0,3200
CMV,2023-02-06,9600.0,10000.0,9600.0,10000.0,200
CMX,2023-02-06,8570.0,8710.0,8450.0,8710.0,520900
CNC,2023-02-06,28400.0,29000.0,28400.0,28500.0,1100
CNG,2023-02-06,26800.0,26800.0,26200.0,26600.0,61500
CNT,2023-02-06,14400.0,14400.0,12000.0,12100.0,4300
CC1,2023-02-06,12300.0,12400.0,12300.0,12300.0,4001
CDP,2023-02-06,13500.0,13500.0,13500.0,13500.0,0
COM,2023-02-06,35000.0,35000.0,35000.0,35000.0,100
TCK,2023-02-06,3900.0,3900.0,3900.0,3900.0,0
CMN,2023-02-06,51000.0,51000.0,51000.0,51000.0,0
ICN,2023-02-06,80000.0,80000.0,80000.0,80000.0,0
CNN,2023-02-06,31600.0,34000.0,31600.0,32800.0,400
CPC,2023-02-06,15000.0,15000.0,15000.0,15000.0,701
DP1,2023-02-06,22000.0,24700.0,22000.0,22500.0,1600
DTP,2023-02-06,86300.0,86300.0,86300.0,86300.0,2401
CPH,2023-02-06,300.0,300.0,300.0,300.0,0
CPI,2023-02-06,2600.0,2600.0,2600.0,2600.0,0
CIA,2023-02-06,12200.0,12400.0,12200.0,12200.0,6300
CRC,2023-02-06,5710.0,5710.0,5590.0,5700.0,26200
CSC,2023-02-06,37200.0,38000.0,36800.0,37500.0,58100
SGP,2023-02-06,13400.0,13400.0,12800.0,13000.0,37200
CSM,2023-02-06,14300.0,14400.0,14300.0,14300.0,23200
CSV,2023-02-06,30900.0,30900.0,30000.0,30300.0,182400
CT3,2023-02-06,5300.0,5300.0,5300.0,5300.0,0
CT6,2023-02-06,7000.0,7000.0,7000.0,7000.0,6400
CTA,2023-02-06,1500.0,1500.0,1500.0,1500.0,0
CTB,2023-02-06,19400.0,19400.0,19400.0,19400.0,100
CTC,2023-02-06,2000.0,2100.0,2000.0,2000.0,47400
CTD,2023-02-06,36900.0,37000.0,36600.0,37000.0,194200
CTF,2023-02-06,34300.0,34950.0,33800.0,34900.0,1067000
CTG,2023-02-06,28800.0,29900.0,28550.0,29900.0,2607800
GTS,2023-02-06,9500.0,9500.0,9500.0,9500.0,0
CTI,2023-02-06,13350.0,13450.0,13000.0,13200.0,169900
ICT,2023-02-06,13800.0,13850.0,13600.0,13850.0,12800
CTN,2023-02-06,1200.0,1200.0,1200.0,1200.0,0
CTP,2023-02-06,3800.0,3800.0,3600.0,3700.0,1100
CTR,2023-02-06,61400.0,61400.0,60200.0,60200.0,109900
CTS,2023-02-06,13200.0,13650.0,13200.0,13600.0,802800
CTT,2023-02-06,15400.0,15400.0,15400.0,15400.0,0
TTS,2023-02-06,8000.0,8000.0,8000.0,8000.0,0
CTW,2023-02-06,30500.0,30500.0,30500.0,30500.0,0
CTX,2023-02-06,7600.0,7600.0,7600.0,7600.0,0
AUM,2023-02-06,10500.0,10500.0,10500.0,10500.0,0
CVN,2023-02-06,3300.0,3400.0,3200.0,3400.0,71600
CVT,2023-02-06,38650.0,38650.0,38650.0,38650.0,0
CX8,2023-02-06,5900.0,5900.0,5900.0,5900.0,0
CYC,2023-02-06,2900.0,2900.0,2900.0,2900.0,0
D11,2023-02-06,12800.0,13800.0,12400.0,12400.0,2900
D2D,2023-02-06,23450.0,23500.0,23000.0,23400.0,33800
DAC,2023-02-06,8400.0,8400.0,8400.0,8400.0,0
DCR,2023-02-06,5800.0,5800.0,5800.0,5800.0,0
DAD,2023-02-06,18200.0,18600.0,18200.0,18600.0,6800
DAE,2023-02-06,21500.0,21500.0,21500.0,21500.0,0
DAG,2023-02-06,4010.0,4150.0,3960.0,4000.0,257200
DCG,2023-02-06,30800.0,30800.0,30800.0,30800.0,0
DAH,2023-02-06,4750.0,4860.0,4730.0,4850.0,107200
DRG,2023-02-06,6900.0,6900.0,6900.0,6900.0,0
DRI,2023-02-06,7600.0,7600.0,7300.0,7600.0,170300
UDL,2023-02-06,15500.0,15500.0,15500.0,15500.0,0
DWC,2023-02-06,9000.0,9000.0,9000.0,9000.0,0
DHB,2023-02-06,8900.0,8900.0,8900.0,8900.0,0
ADS,2023-02-06,10900.0,10900.0,10600.0,10850.0,64700
DAN,2023-02-06,32900.0,32900.0,32900.0,32900.0,0
DNE,2023-02-06,9300.0,9300.0,9300.0,9300.0,400
DAS,2023-02-06,5300.0,5300.0,5300.0,5300.0,0
DPG,2023-02-06,31750.0,32000.0,30500.0,31750.0,568700
DBC,2023-02-06,14800.0,15100.0,14550.0,14900.0,2392400
TDB,2023-02-06,40000.0,40000.0,40000.0,40000.0,0
DBM,2023-02-06,34200.0,34200.0,34200.0,34200.0,10
DBT,2023-02-06,10700.0,10700.0,10400.0,10700.0,2000
DC2,2023-02-06,5000.0,5000.0,5000.0,5000.0,10
DC4,2023-02-06,6760.0,7000.0,6700.0,6940.0,38300
DCL,2023-02-06,24450.0,24600.0,24000.0,24600.0,159200
DCM,2023-02-06,26850.0,26900.0,26550.0,26600.0,1623000
DCS,2023-02-06,700.0,700.0,700.0,700.0,0
DCT,2023-02-06,1000.0,1000.0,1000.0,1000.0,0
VBG,2023-02-06,5700.0,5700.0,5700.0,5700.0,0
DDM,2023-02-06,2300.0,2300.0,2300.0,2300.0,0
DDN,2023-02-06,10100.0,10600.0,9600.0,10300.0,20000
DDV,2023-02-06,9300.0,9300.0,9000.0,9100.0,316600
DCF,2023-02-06,46800.0,46800.0,46800.0,46800.0,0
DM7,2023-02-06,17900.0,17900.0,17900.0,17900.0,100
DFF,2023-02-06,14200.0,14200.0,12600.0,14200.0,6900
DGC,2023-02-06,58700.0,59300.0,57200.0,58000.0,1721100
DGT,2023-02-06,7900.0,8300.0,7700.0,7800.0,10300
DGW,2023-02-06,41200.0,41300.0,40450.0,41050.0,434900
DHA,2023-02-06,37300.0,37300.0,36500.0,36500.0,19000
DHC,2023-02-06,37800.0,37800.0,36650.0,37400.0,100200
DHG,2023-02-06,94600.0,97000.0,94600.0,96800.0,10300
DHM,2023-02-06,11700.0,12200.0,11000.0,12200.0,343100
DHP,2023-02-06,10900.0,10900.0,10900.0,10900.0,0
DHT,2023-02-06,38900.0,38900.0,37200.0,38500.0,57300
DIC,2023-02-06,1700.0,1700.0,1700.0,1700.0,0
DC1,2023-02-06,5500.0,5700.0,5500.0,5600.0,400
DID,2023-02-06,3800.0,3800.0,3500.0,3800.0,300
TTE,2023-02-06,11950.0,11950.0,11950.0,11950.0,0
DIG,2023-02-06,15500.0,16000.0,15250.0,15900.0,5290300
DIH,2023-02-06,32500.0,32500.0,32500.0,32500.0,0
DL1,2023-02-06,3400.0,3600.0,3300.0,3600.0,1505800
DLD,2023-02-06,9000.0,9000.0,9000.0,9000.0,0
DLG,2023-02-06,2240.0,2250.0,2190.0,2250.0,613000
DLM,2023-02-06,11300.0,11300.0,11300.0,11300.0,0
DLR,2023-02-06,8500.0,8500.0,8500.0,8500.0,0
DUS,2023-02-06,20300.0,20300.0,20300.0,20300.0,0
DMC,2023-02-06,45900.0,45900.0,44500.0,45850.0,600
NSS,2023-02-06,3000.0,3000.0,3000.0,3000.0,0
DNC,2023-02-06,41000.0,41000.0,41000.0,41000.0,131
DNW,2023-02-06,27000.0,27000.0,27000.0,27000.0,100
DNH,2023-02-06,47000.0,47000.0,47000.0,47000.0,0
DNL,2023-02-06,16000.0,16000.0,16000.0,16000.0,700
DNM,2023-02-06,12900.0,12900.0,12900.0,12900.0,0
DND,2023-02-06,18000.0,18000.0,18000.0,18000.0,0
DNN,2023-02-06,200.0,200.0,200.0,200.0,0
DNP,2023-02-06,23700.0,23700.0,22800.0,23700.0,2100
CDN,2023-02-06,29000.0,29000.0,28800.0,28800.0,3300
DSC,2023-02-06,23700.0,24300.0,23600.0,24000.0,97700
DNT,2023-02-06,79300.0,79300.0,79300.0,79300.0,0
DOC,2023-02-06,10000.0,10000.0,10000.0,10000.0,0
MCD,2023-02-06,16900.0,16900.0,16900.0,16900.0,0
BSD,2023-02-06,22700.0,22700.0,22700.0,22700.0,0
DMN,2023-02-06,6000.0,6000.0,6000.0,6000.0,0
DOP,2023-02-06,10900.0,10900.0,10900.0,10900.0,100
CDR,2023-02-06,6500.0,6500.0,6500.0,6500.0,0
DPD,2023-02-06,23500.0,23500.0,23500.0,23500.0,0
DWS,2023-02-06,11800.0,11800.0,11800.0,11800.0,0
DPC,2023-02-06,14500.0,14500.0,14500.0,14500.0,0
DPM,2023-02-06,43200.0,43600.0,42900.0,43100.0,3029900
DPP,2023-02-06,16000.0,16000.0,16000.0,16000.0,0
DPR,2023-02-06,56000.0,56000.0,55500.0,55600.0,48700
DPS,2023-02-06,700.0,700.0,700.0,700.0,0
DP2,2023-02-06,5000.0,5000.0,5000.0,5000.0,0
DQC,2023-02-06,17900.0,18900.0,17700.0,18900.0,249400
DRC,2023-02-06,22700.0,22850.0,22400.0,22700.0,73600
DRH,2023-02-06,5390.0,5530.0,5300.0,5320.0,1316100
DRL,2023-02-06,65600.0,66000.0,65600.0,66000.0,1600
DSN,2023-02-06,53300.0,53500.0,52900.0,53400.0,3200
DST,2023-02-06,4300.0,4500.0,4200.0,4300.0,88100
DSV,2023-02-06,5900.0,5900.0,5900.0,5900.0,0
DTA,2023-02-06,5280.0,5280.0,5280.0,5280.0,0
BDT,2023-02-06,30900.0,30900.0,30900.0,30900.0,0
DTC,2023-02-06,5100.0,5400.0,5100.0,5400.0,11100
DTE,2023-02-06,10800.0,10800.0,10800.0,10800.0,2
DTI,2023-02-06,9700.0,9700.0,9700.0,9700.0,0
DTL,2023-02-06,27450.0,27450.0,27450.0,27450.0,300
DTT,2023-02-06,12200.0,12200.0,12200.0,12200.0,0
DTV,2023-02-06,42600.0,42600.0,42600.0,42600.0,0
MTV,2023-02-06,18000.0,18000.0,18000.0,18000.0,1600
MGG,2023-02-06,33500.0,33500.0,28000.0,30500.0,6500
DVC,2023-02-06,11700.0,11700.0,11700.0,11700.0,0
DVG,2023-02-06,3100.0,3100.0,3000.0,3100.0,101700
DVP,2023-02-06,48000.0,48000.0,47600.0,47600.0,1800
DSG,2023-02-06,4900.0,4900.0,4900.0,4900.0,100
DVW,2023-02-06,23000.0,23000.0,23000.0,23000.0,0
DXG,2023-02-06,13150.0,13700.0,13000.0,13500.0,7943900
DXL,2023-02-06,4800.0,4800.0,4800.0,4800.0,0
DXP,2023-02-06,10200.0,10300.0,10000.0,10300.0,40100
DXS,2023-02-06,7020.0,7060.0,6850.0,7060.0,1250100
DXV,2023-02-06,4450.0,4450.0,4450.0,4450.0,500
DZM,2023-02-06,2900.0,2900.0,2900.0,2900.0,0
FUESSV50,2023-02-06,16500.0,16500.0,15700.0,15700.0,9300
E1VFVN30,2023-02-06,18400.0,18630.0,18280.0,18560.0,208000
EBS,2023-02-06,10500.0,10500.0,10500.0,10500.0,100
E29,2023-02-06,4200.0,4200.0,4200.0,4200.0,0
ECI,2023-02-06,27800.0,27800.0,27800.0,27800.0,0
EFI,2023-02-06,2200.0,2200.0,2200.0,2200.0,0
EIB,2023-02-06,25900.0,25900.0,25500.0,25800.0,771900
EID,2023-02-06,22000.0,22000.0,21800.0,21800.0,1000
ELC,2023-02-06,12250.0,12500.0,12100.0,12500.0,216100
EMC,2023-02-06,12550.0,12550.0,11200.0,11200.0,3400
EME,2023-02-06,15500.0,15500.0,15500.0,15500.0,100
EMG,2023-02-06,31200.0,31200.0,31200.0,31200.0,0
EMS,2023-02-06,19500.0,19500.0,19500.0,19500.0,1000
EPC,2023-02-06,16900.0,16900.0,16900.0,16900.0,0
FUESSVFL,2023-02-06,15600.0,15700.0,15400.0,15560.0,167900
EVE,2023-02-06,13800.0,13800.0,13700.0,13750.0,58300
EVG,2023-02-06,3560.0,3590.0,3490.0,3590.0,580500
EVF,2023-02-06,8210.0,8250.0,8130.0,8250.0,205100
EIC,2023-02-06,22400.0,22400.0,21000.0,21400.0,751
LEC,2023-02-06,5500.0,5640.0,5500.0,5640.0,700
FHS,2023-02-06,26800.0,26800.0,26800.0,26800.0,100
FBA,2023-02-06,900.0,900.0,900.0,900.0,0
FCM,2023-02-06,4210.0,4440.0,4010.0,4370.0,104500
FCN,2023-02-06,11400.0,11850.0,11400.0,11800.0,1752800
FDC,2023-02-06,22400.0,22400.0,22400.0,22400.0,0
FIC,2023-02-06,20000.0,21000.0,20000.0,20700.0,4500
FID,2023-02-06,1800.0,1900.0,1700.0,1800.0,212200
FIR,2023-02-06,49000.0,49200.0,48600.0,48900.0,236000
FSO,2023-02-06,11000.0,11000.0,11000.0,11000.0,0
FIT,2023-02-06,4040.0,4100.0,3990.0,4000.0,1286800
FLC,2023-02-06,3570.0,3570.0,3570.0,3570.0,0
ART,2023-02-06,1300.0,1300.0,1300.0,1300.0,0
FMC,2023-02-06,36750.0,37900.0,36200.0,37100.0,8200
FOC,2023-02-06,109500.0,109500.0,106000.0,106600.0,10200
FBC,2023-02-06,3700.0,3700.0,3700.0,3700.0,0
FCS,2023-02-06,5200.0,5200.0,5200.0,5200.0,0
FRM,2023-02-06,14000.0,14000.0,14000.0,14000.0,0
DP3,2023-02-06,97500.0,97500.0,97500.0,97500.0,11
FTM,2023-02-06,1600.0,1700.0,1600.0,1600.0,227400
FPT,2023-02-06,80000.0,81600.0,79700.0,80500.0,928800
FRT,2023-02-06,71400.0,73400.0,70700.0,73000.0,1813700
FTS,2023-02-06,19300.0,19750.0,19050.0,19450.0,980900
FRC,2023-02-06,25200.0,25300.0,25000.0,25300.0,5500
FT1,2023-02-06,39400.0,39400.0,39400.0,39400.0,0
FOX,2023-02-06,57800.0,57800.0,56400.0,57400.0,3900
FTI,2023-02-06,3700.0,3700.0,3700.0,3700.0,0
FUEMAV30,2023-02-06,12780.0,12850.0,12510.0,12850.0,23500
FUESSV30,2023-02-06,13380.0,13450.0,13220.0,13270.0,19900
FUEVFVND,2023-02-06,23550.0,23790.0,23240.0,23650.0,1612900
FUEVN100,2023-02-06,14110.0,14110.0,13720.0,13920.0,98600
G20,2023-02-06,800.0,800.0,800.0,800.0,0
GAB,2023-02-06,196400.0,196400.0,196400.0,196400.0,0
M10,2023-02-06,19500.0,19500.0,19500.0,19500.0,322
GAS,2023-02-06,105200.0,107000.0,104200.0,106000.0,240800
BVB,2023-02-06,10200.0,10800.0,10200.0,10400.0,142800
GDT,2023-02-06,30000.0,30000.0,29000.0,29000.0,4100
GDW,2023-02-06,23800.0,27800.0,23800.0,27800.0,200
GEX,2023-02-06,13600.0,13850.0,13450.0,13800.0,6831800
GEE,2023-02-06,26300.0,26300.0,26300.0,26300.0,1400
PGV,2023-02-06,18600.0,18900.0,18550.0,18550.0,3600
GER,2023-02-06,7000.0,7000.0,7000.0,7000.0,0
GGG,2023-02-06,4700.0,4700.0,4700.0,4700.0,0
GHC,2023-02-06,26800.0,27000.0,26800.0,27000.0,4900
FGL,2023-02-06,12500.0,12500.0,12500.0,12500.0,0
GLW,2023-02-06,7500.0,7500.0,7500.0,7500.0,0
GIL,2023-02-06,20700.0,20750.0,20150.0,20350.0,436900
GLC,2023-02-06,10000.0,10000.0,10000.0,10000.0,0
GEG,2023-02-06,14500.0,15300.0,14200.0,15100.0,1092700
GLT,2023-02-06,23000.0,23000.0,23000.0,23000.0,22
GMA,2023-02-06,44400.0,44400.0,44400.0,44400.0,0
GMC,2023-02-06,10100.0,10400.0,10100.0,10300.0,22000
GMD,2023-02-06,53200.0,56200.0,52600.0,56200.0,851400
GMX,2023-02-06,22300.0,22300.0,22200.0,22200.0,1300
GIC,2023-02-06,13400.0,13500.0,13400.0,13500.0,7200
GSM,2023-02-06,15200.0,15200.0,15200.0,15200.0,0
GSP,2023-02-06,10000.0,10250.0,9990.0,10250.0,18200
GTA,2023-02-06,11500.0,12100.0,11500.0,12100.0,1700
DDH,2023-02-06,16300.0,16300.0,16300.0,16300.0,0
GTH,2023-02-06,5100.0,5100.0,5100.0,5100.0,10
GTT,2023-02-06,600.0,600.0,600.0,600.0,0
H11,2023-02-06,4800.0,4800.0,4800.0,4800.0,0
PHN,2023-02-06,39500.0,39500.0,39500.0,39500.0,0
HC1,2023-02-06,15000.0,15000.0,15000.0,15000.0,0
HCB,2023-02-06,19400.0,19400.0,19400.0,19400.0,0
HC3,2023-02-06,34700.0,34700.0,34700.0,34700.0,0
HAD,2023-02-06,15700.0,16100.0,15700.0,16100.0,3100
HDP,2023-02-06,13800.0,13800.0,13800.0,13800.0,4000
HAG,2023-02-06,8620.0,8850.0,8510.0,8730.0,10110200
HAH,2023-02-06,38000.0,40000.0,37650.0,39500.0,1527200
HAI,2023-02-06,1580.0,1580.0,1580.0,1580.0,0
HPX,2023-02-06,5240.0,5370.0,5100.0,5270.0,5229700
HID,2023-02-06,3070.0,3150.0,3060.0,3080.0,78500
HNR,2023-02-06,12000.0,12000.0,12000.0,12000.0,0
HLB,2023-02-06,232000.0,232000.0,232000.0,232000.0,100
HLT,2023-02-06,18500.0,18500.0,18500.0,18500.0,0
HAM,2023-02-06,24500.0,24500.0,24500.0,24500.0,0
HHV,2023-02-06,13050.0,13300.0,12700.0,12950.0,5210000
AAS,2023-02-06,10800.0,11000.0,10800.0,11000.0,26800
BBM,2023-02-06,9500.0,9500.0,9500.0,9500.0,200
HAN,2023-02-06,8500.0,8900.0,8500.0,8800.0,300
HD6,2023-02-06,13000.0,13200.0,12900.0,13000.0,52200
HNP,2023-02-06,21100.0,21100.0,21100.0,21100.0,0
HSM,2023-02-06,8000.0,8000.0,8000.0,8000.0,100
HAP,2023-02-06,4550.0,4550.0,4380.0,4390.0,294300
HTM,2023-02-06,15000.0,15000.0,15000.0,15000.0,0
HAR,2023-02-06,3900.0,3980.0,3900.0,3970.0,171400
HAS,2023-02-06,6510.0,7320.0,6510.0,7320.0,900
HES,2023-02-06,30900.0,30900.0,30900.0,30900.0,0
HAT,2023-02-06,21500.0,21500.0,21500.0,21500.0,100
GH3,2023-02-06,12500.0,12500.0,12500.0,12500.0,0
HAV,2023-02-06,3500.0,3500.0,3500.0,3500.0,0
HGW,2023-02-06,9000.0,9000.0,9000.0,9000.0,0
HTW,2023-02-06,10000.0,10000.0,10000.0,10000.0,0
HAX,2023-02-06,17900.0,17950.0,17600.0,17800.0,141200
HBC,2023-02-06,9600.0,9710.0,9250.0,9660.0,1434400
HBD,2023-02-06,18700.0,18700.0,18700.0,18700.0,100
HBH,2023-02-06,7000.0,7000.0,7000.0,7000.0,0
HBS,2023-02-06,5700.0,5700.0,5400.0,5600.0,47100
HCC,2023-02-06,9800.0,10000.0,9800.0,9900.0,5400
XDH,2023-02-06,27400.0,27400.0,27400.0,27400.0,0
HCD,2023-02-06,7250.0,7380.0,7100.0,7360.0,293800
HCI,2023-02-06,17700.0,17700.0,17700.0,17700.0,0
HCM,2023-02-06,23600.0,23900.0,23300.0,23800.0,2672900
HTE,2023-02-06,3600.0,3700.0,3600.0,3700.0,600
HCT,2023-02-06,17000.0,17000.0,17000.0,17000.0,0
HDA,2023-02-06,5500.0,5700.0,5300.0,5700.0,11100
HDB,2023-02-06,18300.0,18500.0,18050.0,18500.0,1695500
HDC,2023-02-06,30600.0,31500.0,30500.0,31200.0,459200
HDG,2023-02-06,32000.0,32800.0,31800.0,32800.0,1076600
HDM,2023-02-06,29700.0,29700.0,29700.0,29700.0,11010
HDO,2023-02-06,800.0,800.0,800.0,800.0,0
DHD,2023-02-06,22100.0,22100.0,22100.0,22100.0,7
HDW,2023-02-06,13000.0,13000.0,13000.0,13000.0,100
HEC,2023-02-06,50000.0,50000.0,50000.0,50000.0,1000
HEJ,2023-02-06,12900.0,12900.0,12900.0,12900.0,1600
HEM,2023-02-06,37700.0,37700.0,28000.0,32900.0,200
HEP,2023-02-06,29600.0,29600.0,29600.0,29600.0,0
HEV,2023-02-06,35400.0,35400.0,35400.0,35400.0,0
HFC,2023-02-06,4600.0,4600.0,4600.0,4600.0,0
HFX,2023-02-06,8600.0,8600.0,8600.0,8600.0,0
HGM,2023-02-06,38000.0,38000.0,38000.0,38000.0,800
HGT,2023-02-06,9700.0,9700.0,9700.0,9700.0,0
HHC,2023-02-06,94500.0,94500.0,94500.0,94500.0,100
HHG,2023-02-06,1600.0,1700.0,1600.0,1700.0,126800
HHN,2023-02-06,8700.0,8700.0,8700.0,8700.0,0
HHP,2023-02-06,8880.0,8880.0,8200.0,8600.0,11400
HHR,2023-02-06,400.0,400.0,400.0,400.0,0
HHS,2023-02-06,4100.0,4250.0,4100.0,4250.0,1582000
TCH,2023-02-06,7380.0,7740.0,7350.0,7690.0,6536000
HSL,2023-02-06,4850.0,5040.0,4800.0,4900.0,13000
HIG,2023-02-06,8600.0,8600.0,7200.0,7200.0,10000
HPI,2023-02-06,33500.0,33500.0,33500.0,33500.0,0
HJS,2023-02-06,30400.0,30400.0,30400.0,30400.0,0
HKB,2023-02-06,800.0,800.0,800.0,800.0,0
HKP,2023-02-06,31200.0,31200.0,31200.0,31200.0,0
HKT,2023-02-06,7300.0,7300.0,7300.0,7300.0,0
HLA,2023-02-06,600.0,600.0,600.0,600.0,0
HLC,2023-02-06,11000.0,11000.0,10000.0,10700.0,7700
HLD,2023-02-06,26400.0,26500.0,26300.0,26300.0,8300
HLG,2023-02-06,8700.0,8700.0,8700.0,8700.0,0
HLR,2023-02-06,17300.0,17300.0,17300.0,17300.0,0
HLS,2023-02-06,17000.0,17000.0,17000.0,17000.0,0
HLY,2023-02-06,16600.0,16600.0,16600.0,16600.0,0
HMC,2023-02-06,10400.0,10550.0,10100.0,10500.0,60300
HMS,2023-02-06,28000.0,28000.0,27000.0,27700.0,3500
HMG,2023-02-06,10200.0,10200.0,10200.0,10200.0,0
HMH,2023-02-06,12600.0,13800.0,11400.0,13800.0,21800
BKH,2023-02-06,29000.0,29000.0,29000.0,29000.0,0
DCH,2023-02-06,5900.0,5900.0,5900.0,5900.0,0
HAF,2023-02-06,19500.0,19500.0,16300.0,18600.0,4100
HNG,2023-02-06,4310.0,4420.0,4310.0,4420.0,1761300
HNA,2023-02-06,18600.0,18600.0,18600.0,18600.0,4500
HNM,2023-02-06,7100.0,7100.0,7100.0,7100.0,0
DHN,2023-02-06,22100.0,22100.0,22100.0,22100.0,0
HRT,2023-02-06,4600.0,4900.0,4500.0,4900.0,1300
TSJ,2023-02-06,44300.0,44300.0,44300.0,44300.0,0
HJC,2023-02-06,7200.0,7200.0,7200.0,7200.0,100
HOM,2023-02-06,5000.0,5000.0,4900.0,5000.0,55600
HOT,2023-02-06,20250.0,20250.0,20000.0,20000.0,400
HPB,2023-02-06,16900.0,16900.0,16900.0,16900.0,0
HAC,2023-02-06,5000.0,5200.0,5000.0,5100.0,8200
CCP,2023-02-06,16400.0,16400.0,16400.0,16400.0,0
HPD,2023-02-06,19100.0,19100.0,19100.0,19100.0,0
HPG,2023-02-06,21100.0,21150.0,20550.0,21150.0,22116700
HPH,2023-02-06,17000.0,17000.0,17000.0,17000.0,0
HPM,2023-02-06,14000.0,14000.0,14000.0,14000.0,100
HPP,2023-02-06,55100.0,55100.0,54000.0,54800.0,500
DPH,2023-02-06,32000.0,32000.0,32000.0,32000.0,100
HPT,2023-02-06,15500.0,15500.0,15500.0,15500.0,0
TUG,2023-02-06,16200.0,16200.0,16200.0,16200.0,0
HPW,2023-02-06,18400.0,18400.0,17000.0,17100.0,2100
HQC,2023-02-06,2800.0,2930.0,2780.0,2890.0,3471200
HRB,2023-02-06,26500.0,26500.0,26500.0,26500.0,0
HRC,2023-02-06,55000.0,55000.0,55000.0,55000.0,0
HSA,2023-02-06,51700.0,51700.0,51700.0,51700.0,0
HSG,2023-02-06,14500.0,14700.0,14100.0,14550.0,10228300
HSI,2023-02-06,1100.0,1100.0,1100.0,1100.0,0
HSP,2023-02-06,11500.0,11500.0,11500.0,11500.0,0
HT1,2023-02-06,13550.0,13750.0,13000.0,13400.0,339300
HTC,2023-02-06,14900.0,14900.0,14900.0,14900.0,0
HTG,2023-02-06,35500.0,36000.0,35200.0,35300.0,31300
HTI,2023-02-06,16500.0,16500.0,16500.0,16500.0,0
HTN,2023-02-06,13800.0,14250.0,13600.0,14100.0,166800
HTL,2023-02-06,16700.0,16700.0,16600.0,16600.0,900
HTP,2023-02-06,39900.0,39900.0,39900.0,39900.0,0
HTR,2023-02-06,10600.0,10600.0,10600.0,10600.0,0
HTT,2023-02-06,1200.0,1200.0,1200.0,1200.0,0
HTV,2023-02-06,10750.0,10750.0,10750.0,10750.0,0
HU1,2023-02-06,7560.0,7560.0,7560.0,7560.0,0
HU3,2023-02-06,5900.0,5900.0,5900.0,5900.0,0
HU4,2023-02-06,7700.0,8100.0,7700.0,7700.0,18000
HD2,2023-02-06,16200.0,17000.0,16200.0,17000.0,9900
HU6,2023-02-06,7200.0,7200.0,7200.0,7200.0,174
HD8,2023-02-06,6000.0,6000.0,6000.0,6000.0,0
HWS,2023-02-06,11000.0,11000.0,11000.0,11000.0,0
HNI,2023-02-06,26800.0,26800.0,25500.0,26100.0,1200
HUG,2023-02-06,39900.0,39900.0,39900.0,39900.0,0
HUT,2023-02-06,15500.0,15500.0,14900.0,15100.0,981600
HNF,2023-02-06,19700.0,19700.0,19600.0,19700.0,4000
HVA,2023-02-06,5100.0,5100.0,4400.0,4800.0,4400
HVH,2023-02-06,5130.0,5160.0,5090.0,5140.0,142800
HVG,2023-02-06,1700.0,1700.0,1700.0,1700.0,0
HVT,2023-02-06,53900.0,53900.0,53900.0,53900.0,800
HVX,2023-02-06,3100.0,3190.0,3010.0,3100.0,9000
L40,2023-02-06,21800.0,21800.0,21800.0,21800.0,0
IBC,2023-02-06,3020.0,3070.0,2900.0,3060.0,1718300
ICC,2023-02-06,33000.0,33000.0,33000.0,33000.0,0
ILB,2023-02-06,32000.0,33000.0,32000.0,33000.0,21100
ICF,2023-02-06,1900.0,1900.0,1900.0,1900.0,100
ICG,2023-02-06,6500.0,6600.0,6100.0,6500.0,5810
ICI,2023-02-06,5800.0,5800.0,5800.0,5800.0,0
CC4,2023-02-06,20500.0,20500.0,20500.0,20500.0,0
IDI,2023-02-06,11800.0,12300.0,11650.0,12100.0,3344200
IDC,2023-02-06,40000.0,40200.0,39200.0,39500.0,2126600
MCI,2023-02-06,10000.0,10000.0,10000.0,10000.0,0
IDJ,2023-02-06,9100.0,9100.0,8800.0,9100.0,1079800
IDP,2023-02-06,181000.0,181000.0,181000.0,181000.0,0
IDV,2023-02-06,31200.0,31700.0,31200.0,31700.0,15200
IFS,2023-02-06,20000.0,20000.0,20000.0,20000.0,100
IHK,2023-02-06,12500.0,12500.0,12500.0,12500.0,0
IJC,2023-02-06,11600.0,12000.0,11600.0,11900.0,1388400
ILA,2023-02-06,2700.0,2700.0,2600.0,2700.0,54300
ILC,2023-02-06,6800.0,6800.0,6800.0,6800.0,20
IME,2023-02-06,141000.0,141000.0,141000.0,141000.0,0
IMP,2023-02-06,55500.0,56900.0,55100.0,56900.0,1400
IN4,2023-02-06,110000.0,110000.0,110000.0,110000.0,0
IBD,2023-02-06,12000.0,12000.0,12000.0,12000.0,0
INC,2023-02-06,37900.0,37900.0,37900.0,37900.0,0
DDG,2023-02-06,41500.0,41900.0,41100.0,41700.0,232000
INN,2023-02-06,39400.0,40000.0,38300.0,40000.0,5100
IRC,2023-02-06,8200.0,8200.0,8200.0,8200.0,0
ILS,2023-02-06,30000.0,30000.0,30000.0,30000.0,0
IPA,2023-02-06,12700.0,12800.0,12400.0,12700.0,66400
ISG,2023-02-06,7900.0,7900.0,7900.0,7900.0,0
IST,2023-02-06,29400.0,29400.0,29400.0,29400.0,0
ITA,2023-02-06,4190.0,4230.0,4050.0,4210.0,1921700
ITS,2023-02-06,3200.0,3200.0,3200.0,3200.0,100
ITC,2023-02-06,7750.0,7910.0,7730.0,7800.0,184700
ITD,2023-02-06,13700.0,13800.0,13200.0,13200.0,66000
ITQ,2023-02-06,2600.0,2700.0,2600.0,2700.0,102600
IVS,2023-02-06,6800.0,6800.0,6200.0,6300.0,500
JVC,2023-02-06,3110.0,3220.0,3110.0,3200.0,308900
KAC,2023-02-06,28100.0,28100.0,28100.0,28100.0,0
KBC,2023-02-06,23950.0,24450.0,23500.0,24300.0,3699300
KCE,2023-02-06,9700.0,9700.0,9700.0,9700.0,0
KDC,2023-02-06,60100.0,60200.0,58800.0,60000.0,822800
KDH,2023-02-06,26900.0,27400.0,26700.0,27350.0,1588700
KDM,2023-02-06,9900.0,9900.0,9900.0,9900.0,0
KTC,2023-02-06,9300.0,9300.0,9300.0,9300.0,0
KHA,2023-02-06,12000.0,12000.0,12000.0,12000.0,600
KHG,2023-02-06,5720.0,5720.0,5600.0,5720.0,7700000
KHW,2023-02-06,14400.0,14400.0,14400.0,14400.0,0
KHL,2023-02-06,900.0,900.0,900.0,900.0,0
KHP,2023-02-06,8260.0,8600.0,8000.0,8400.0,147000
KGM,2023-02-06,8000.0,8000.0,8000.0,8000.0,0
KHS,2023-02-06,14100.0,14100.0,14100.0,14100.0,0
KKC,2023-02-06,8200.0,8200.0,8200.0,8200.0,100
KLB,2023-02-06,12000.0,12000.0,11800.0,11800.0,27700
KLF,2023-02-06,800.0,800.0,800.0,800.0,0
KLM,2023-02-06,8000.0,8000.0,8000.0,8000.0,0
GKM,2023-02-06,28800.0,29100.0,28800.0,29000.0,74800
KMR,2023-02-06,3210.0,3210.0,3100.0,3140.0,55700
KMT,2023-02-06,9000.0,9000.0,9000.0,9000.0,30000
KOS,2023-02-06,36800.0,36800.0,36350.0,36400.0,426600
KPF,2023-02-06,11500.0,11500.0,10850.0,11400.0,65700
KSB,2023-02-06,22800.0,23700.0,22600.0,22850.0,1551700
KSD,2023-02-06,6300.0,6500.0,6300.0,6500.0,7500
KSH,2023-02-06,800.0,800.0,800.0,800.0,0
KHD,2023-02-06,7000.0,7000.0,7000.0,7000.0,2100
LMC,2023-02-06,5800.0,5800.0,5800.0,5800.0,0
KSQ,2023-02-06,2000.0,2000.0,1800.0,1900.0,270500
KST,2023-02-06,14100.0,14100.0,14100.0,14100.0,0
KSV,2023-02-06,26100.0,30500.0,26100.0,30500.0,200
KTL,2023-02-06,48000.0,48000.0,48000.0,48000.0,0
KTS,2023-02-06,16100.0,16100.0,16100.0,16100.0,0
KTT,2023-02-06,5100.0,5100.0,5100.0,5100.0,0
KVC,2023-02-06,1800.0,1900.0,1700.0,1900.0,384800
L10,2023-02-06,26000.0,26000.0,26000.0,26000.0,0
L14,2023-02-06,53000.0,53800.0,51900.0,53000.0,240100
L18,2023-02-06,20200.0,21600.0,20200.0,21400.0,15500
L35,2023-02-06,4100.0,4100.0,4100.0,4100.0,0
L43,2023-02-06,5400.0,5400.0,5400.0,5400.0,0
L44,2023-02-06,700.0,700.0,700.0,700.0,0
L45,2023-02-06,2800.0,2800.0,2800.0,2800.0,1000
L61,2023-02-06,5000.0,5000.0,5000.0,5000.0,0
L62,2023-02-06,3600.0,3600.0,3600.0,3600.0,0
L63,2023-02-06,7500.0,7500.0,7500.0,7500.0,0
LAF,2023-02-06,13900.0,13900.0,13900.0,13900.0,300
LMI,2023-02-06,7000.0,7000.0,7000.0,7000.0,500
DKC,2023-02-06,1300.0,1300.0,1300.0,1300.0,0
LSG,2023-02-06,6200.0,6300.0,6000.0,6100.0,5135
LAS,2023-02-06,7900.0,8800.0,7900.0,8800.0,181300
LAW,2023-02-06,24000.0,24000.0,24000.0,24000.0,0
LBC,2023-02-06,16000.0,16000.0,16000.0,16000.0,0
LBE,2023-02-06,21900.0,21900.0,21900.0,21900.0,0
LBM,2023-02-06,42150.0,43000.0,41700.0,42150.0,22300
LCC,2023-02-06,10000.0,10000.0,10000.0,10000.0,0
LCD,2023-02-06,26700.0,26700.0,26700.0,26700.0,0
LCG,2023-02-06,10500.0,10850.0,10450.0,10750.0,8781700
LQN,2023-02-06,9000.0,9000.0,9000.0,9000.0,0
LCM,2023-02-06,2500.0,2500.0,2400.0,2500.0,280000
LCS,2023-02-06,2200.0,2200.0,2200.0,2200.0,0
LCW,2023-02-06,10000.0,10000.0,10000.0,10000.0,0
LWS,2023-02-06,11900.0,11900.0,11900.0,11900.0,0
LDG,2023-02-06,4350.0,4420.0,4250.0,4390.0,1530300
LDP,2023-02-06,5300.0,5400.0,5300.0,5300.0,2800
LDW,2023-02-06,12700.0,12700.0,12700.0,12700.0,0
LGM,2023-02-06,7300.0,7300.0,7300.0,7300.0,0
LGC,2023-02-06,57000.0,57000.0,57000.0,57000.0,0
LGL,2023-02-06,3770.0,3770.0,3600.0,3700.0,108700
LHC,2023-02-06,50100.0,50200.0,50000.0,50000.0,6100
LHG,2023-02-06,21250.0,22600.0,21250.0,22400.0,49500
LIC,2023-02-06,15800.0,15800.0,14500.0,15700.0,1200
L12,2023-02-06,5400.0,5400.0,5200.0,5200.0,600
LG9,2023-02-06,4500.0,4500.0,4500.0,4500.0,0
LIG,2023-02-06,3800.0,4000.0,3800.0,3900.0,294300
LLM,2023-02-06,9900.0,9900.0,9900.0,9900.0,0
LAI,2023-02-06,77000.0,77000.0,77000.0,77000.0,0
AMS,2023-02-06,7000.0,7100.0,6900.0,7100.0,15200
LIX,2023-02-06,41000.0,41100.0,40400.0,40400.0,4000
LKW,2023-02-06,32000.0,32000.0,32000.0,32000.0,0
LM3,2023-02-06,4000.0,4000.0,4000.0,4000.0,0
LM7,2023-02-06,2900.0,2900.0,2900.0,2900.0,9900
LM8,2023-02-06,10000.0,10550.0,9910.0,10550.0,10600
LMH,2023-02-06,5900.0,5900.0,5500.0,5800.0,632100
LNC,2023-02-06,10000.0,10000.0,10000.0,10000.0,0
LO5,2023-02-06,1100.0,1100.0,1100.0,1100.0,0
LSS,2023-02-06,7720.0,8130.0,7720.0,7750.0,405200
LTC,2023-02-06,1100.0,1100.0,1100.0,1100.0,0
LUT,2023-02-06,1700.0,1700.0,1700.0,1700.0,0
LPB,2023-02-06,13800.0,14000.0,13550.0,13900.0,5565800
MAC,2023-02-06,9200.0,9200.0,9000.0,9100.0,700
MA1,2023-02-06,18300.0,18300.0,18300.0,18300.0,0
MAS,2023-02-06,34200.0,34200.0,34200.0,34200.0,0
MBB,2023-02-06,18600.0,18900.0,18500.0,18700.0,6589400
MCC,2023-02-06,9900.0,9900.0,9900.0,9900.0,0
MCF,2023-02-06,7600.0,7600.0,7600.0,7600.0,0
MCG,2023-02-06,2660.0,2670.0,2660.0,2660.0,526500
MCM,2023-02-06,37200.0,38200.0,37200.0,38200.0,3000
MCO,2023-02-06,4000.0,4000.0,4000.0,4000.0,300
MCP,2023-02-06,15850.0,15850.0,15850.0,15850.0,0
MDA,2023-02-06,9000.0,9000.0,9000.0,9000.0,0
MDC,2023-02-06,12500.0,12700.0,12000.0,12200.0,61300
MDF,2023-02-06,9900.0,9900.0,9900.0,9900.0,0
MDG,2023-02-06,12700.0,12700.0,12700.0,12700.0,0
MEC,2023-02-06,8900.0,8900.0,8900.0,8900.0,0
MED,2023-02-06,21500.0,21500.0,21500.0,21500.0,2300
MEF,2023-02-06,1600.0,1600.0,1600.0,1600.0,0
MEL,2023-02-06,7600.0,7600.0,7500.0,7500.0,400
MRF,2023-02-06,30500.0,30500.0,30500.0,30500.0,66
MES,2023-02-06,10000.0,10000.0,10000.0,10000.0,0
MFS,2023-02-06,27000.0,27000.0,26800.0,26800.0,2100
MHC,2023-02-06,3800.0,4080.0,3800.0,4000.0,36200
JOS,2023-02-06,1400.0,1400.0,1400.0,1400.0,0
MHL,2023-02-06,5200.0,5400.0,5000.0,5100.0,22500
MIC,2023-02-06,10200.0,10200.0,10200.0,10200.0,0
MIE,2023-02-06,15000.0,15000.0,15000.0,15000.0,0
MIM,2023-02-06,4200.0,4200.0,4200.0,4200.0,0
MIG,2023-02-06,15400.0,15600.0,15100.0,15350.0,369900
MTA,2023-02-06,4400.0,4400.0,4400.0,4400.0,200
MLS,2023-02-06,14500.0,14500.0,14500.0,14500.0,300
MKP,2023-02-06,27500.0,27500.0,27500.0,27500.0,9
MKV,2023-02-06,12100.0,12100.0,12100.0,12100.0,0
MLC,2023-02-06,10000.0,10000.0,10000.0,10000.0,0
MML,2023-02-06,35000.0,35000.0,35000.0,35000.0,10201
MPC,2023-02-06,17800.0,17900.0,17500.0,17800.0,73300
MPT,2023-02-06,800.0,800.0,800.0,800.0,0
MPY,2023-02-06,6400.0,6400.0,6400.0,6400.0,0
MQB,2023-02-06,9300.0,9300.0,9300.0,9300.0,0
MSB,2023-02-06,12450.0,12850.0,12250.0,12850.0,1689900
MCH,2023-02-06,72100.0,72900.0,72100.0,72200.0,15500
MSN,2023-02-06,94200.0,96300.0,93500.0,96300.0,678000
MSR,2023-02-06,11500.0,11700.0,11300.0,11700.0,128500
MST,2023-02-06,4500.0,4600.0,4400.0,4500.0,629100
MTC,2023-02-06,7900.0,7900.0,7900.0,7900.0,0
MTG,2023-02-06,7300.0,7400.0,7300.0,7400.0,35300
MTH,2023-02-06,17400.0,17400.0,17400.0,17400.0,0
MTL,2023-02-06,4000.0,4000.0,4000.0,4000.0,10000
NAU,2023-02-06,5100.0,5100.0,5100.0,5100.0,0
MTP,2023-02-06,10800.0,10800.0,10800.0,10800.0,0
MWG,2023-02-06,47000.0,47200.0,45700.0,47150.0,2642100
NAB,2023-02-06,10300.0,10400.0,10100.0,10300.0,47600
NDP,2023-02-06,27000.0,27000.0,27000.0,27000.0,0
NAF,2023-02-06,10450.0,10500.0,10100.0,10400.0,76300
NAG,2023-02-06,19000.0,20000.0,18700.0,19600.0,1141700
NJC,2023-02-06,19400.0,19400.0,19400.0,19400.0,0
NAC,2023-02-06,1400.0,1400.0,1400.0,1400.0,0
FHN,2023-02-06,15500.0,15500.0,15500.0,15500.0,0
NAP,2023-02-06,7400.0,7400.0,7400.0,7400.0,0
NTF,2023-02-06,21000.0,21000.0,21000.0,21000.0,0
BAB,2023-02-06,13900.0,14100.0,13900.0,13900.0,6200
NAS,2023-02-06,37000.0,37000.0,37000.0,37000.0,0
NAV,2023-02-06,19400.0,19400.0,19400.0,19400.0,0
VET,2023-02-06,49100.0,56800.0,49000.0,50300.0,700
NAW,2023-02-06,9200.0,9200.0,9200.0,9200.0,0
NBB,2023-02-06,13050.0,13050.0,12700.0,13000.0,120400
NBC,2023-02-06,11600.0,11600.0,10400.0,10800.0,197500
NBE,2023-02-06,12200.0,13100.0,11600.0,12200.0,27910
NBP,2023-02-06,13400.0,13400.0,13400.0,13400.0,0
NBW,2023-02-06,16200.0,16200.0,16200.0,16200.0,0
NCS,2023-02-06,20000.0,20000.0,20000.0,20000.0,1500
NCT,2023-02-06,87300.0,87700.0,87200.0,87300.0,3800
ND2,2023-02-06,34900.0,34900.0,34900.0,34900.0,0
NDC,2023-02-06,120500.0,120500.0,120500.0,120500.0,0
MND,2023-02-06,9300.0,9300.0,9300.0,9300.0,0
NDF,2023-02-06,1200.0,1200.0,1200.0,1200.0,0
HND,2023-02-06,13800.0,13800.0,13200.0,13300.0,38200
NDN,2023-02-06,6900.0,7000.0,6900.0,7000.0,62100
NDW,2023-02-06,9500.0,9500.0,9500.0,9500.0,0
NDX,2023-02-06,6600.0,6600.0,6600.0,6600.0,2400
NED,2023-02-06,5600.0,5800.0,5500.0,5800.0,202700
NET,2023-02-06,42900.0,42900.0,41500.0,41500.0,600
NRC,2023-02-06,4600.0,4600.0,4400.0,4500.0,1504500
NFC,2023-02-06,12800.0,12800.0,12800.0,12800.0,0
NGC,2023-02-06,15000.0,15000.0,15000.0,15000.0,0
NHA,2023-02-06,12000.0,12300.0,11800.0,12000.0,73500
MNB,2023-02-06,23000.0,23000.0,23000.0,23000.0,0
VCE,2023-02-06,8000.0,8000.0,8000.0,8000.0,0
NHC,2023-02-06,33000.0,33000.0,33000.0,33000.0,0
NHH,2023-02-06,15050.0,15600.0,14900.0,15400.0,229900
VHM,2023-02-06,47900.0,48000.0,47100.0,47950.0,1683800
NHP,2023-02-06,700.0,700.0,700.0,700.0,0
NHT,2023-02-06,14300.0,14300.0,13400.0,14250.0,9000
NHV,2023-02-06,6600.0,6700.0,6300.0,6500.0,91800
NKG,2023-02-06,14000.0,14200.0,13700.0,14100.0,6067500
NLG,2023-02-06,27700.0,27800.0,27400.0,27700.0,309700
NLS,2023-02-06,4500.0,4500.0,4500.0,4500.0,0
NNC,2023-02-06,19100.0,19100.0,18400.0,19000.0,800
NNG,2023-02-06,22500.0,22500.0,22500.0,22500.0,0
NNT,2023-02-06,32800.0,32800.0,32800.0,32800.0,100
NOS,2023-02-06,1300.0,1300.0,1300.0,1300.0,0
NVL,2023-02-06,14900.0,15750.0,14600.0,15400.0,19566300
PMB,2023-02-06,10700.0,10700.0,10700.0,10700.0,0
NQB,2023-02-06,19900.0,19900.0,19900.0,19900.0,0
NQT,2023-02-06,8000.0,8000.0,8000.0,8000.0,0
NS2,2023-02-06,7300.0,7300.0,7300.0,7300.0,0
NSC,2023-02-06,69700.0,70800.0,69700.0,70800.0,800
PSH,2023-02-06,5400.0,5600.0,5400.0,5530.0,474200
NST,2023-02-06,6000.0,6000.0,6000.0,6000.0,0
NT2,2023-02-06,26800.0,28100.0,26800.0,28050.0,613500
NTB,2023-02-06,600.0,600.0,600.0,600.0,0
NTC,2023-02-06,121000.0,121900.0,120500.0,121700.0,14100
NTT,2023-02-06,7400.0,7400.0,7400.0,7400.0,0
NTL,2023-02-06,17250.0,17800.0,17150.0,17300.0,157300
NTP,2023-02-06,32900.0,33000.0,32800.0,33000.0,10000
NUE,2023-02-06,9500.0,9500.0,9500.0,9500.0,0
NTW,2023-02-06,14200.0,14200.0,14200.0,14200.0,0
NVB,2023-02-06,19100.0,19600.0,19100.0,19600.0,10500
NVT,2023-02-06,8590.0,8590.0,8140.0,8490.0,11300
NWT,2023-02-06,10000.0,10000.0,10000.0,10000.0,0
NXT,2023-02-06,11300.0,11300.0,11300.0,11300.0,0
OCB,2023-02-06,19150.0,19400.0,18600.0,19400.0,1405600
OCH,2023-02-06,7300.0,7600.0,7300.0,7500.0,15100
EVS,2023-02-06,11400.0,11400.0,11100.0,11400.0,78400
OGC,2023-02-06,7560.0,7600.0,7300.0,7550.0,345000
TOW,2023-02-06,13600.0,13600.0,13600.0,13600.0,0
ONE,2023-02-06,6000.0,6000.0,6000.0,6000.0,1700
ONW,2023-02-06,4400.0,4400.0,4400.0,4400.0,0
OPC,2023-02-06,24950.0,25500.0,24000.0,25500.0,5000
ORS,2023-02-06,9000.0,9200.0,9000.0,9200.0,1479600
PAC,2023-02-06,31900.0,31900.0,31900.0,31900.0,0
PAI,2023-02-06,12200.0,12200.0,12200.0,12200.0,0
PAN,2023-02-06,16000.0,16400.0,15950.0,16250.0,842500
PAP,2023-02-06,18000.0,18000.0,18000.0,18000.0,0
PAS,2023-02-06,4700.0,4900.0,4500.0,4700.0,211900
PBP,2023-02-06,12200.0,12300.0,12100.0,12300.0,12400
PC1,2023-02-06,23300.0,24900.0,23300.0,24900.0,1681600
PCC,2023-02-06,14100.0,14100.0,13300.0,13600.0,2200
PCG,2023-02-06,6400.0,6400.0,6300.0,6300.0,300
PCM,2023-02-06,12300.0,12300.0,12300.0,12300.0,0
CSI,2023-02-06,63800.0,65000.0,62000.0,65000.0,23600
PCT,2023-02-06,5000.0,5000.0,4800.0,4800.0,9000
PDB,2023-02-06,10300.0,10300.0,10100.0,10300.0,3300
PDC,2023-02-06,4300.0,4300.0,4300.0,4300.0,200
PDN,2023-02-06,139000.0,139000.0,139000.0,139000.0,0
PDR,2023-02-06,13600.0,13900.0,13400.0,13750.0,4063700
PDV,2023-02-06,11700.0,11800.0,11200.0,11700.0,3100
PEC,2023-02-06,8000.0,8000.0,8000.0,8000.0,0
PEQ,2023-02-06,37500.0,37500.0,37500.0,37500.0,0
PEN,2023-02-06,7700.0,7700.0,7700.0,7700.0,3100
PET,2023-02-06,20800.0,21450.0,20400.0,21200.0,358900
PCF,2023-02-06,3100.0,3100.0,2800.0,2900.0,400
PEG,2023-02-06,7900.0,7900.0,7900.0,7900.0,0
PTV,2023-02-06,4600.0,5000.0,4600.0,5000.0,12500
PLX,2023-02-06,37300.0,38800.0,37000.0,38800.0,1435300
PFL,2023-02-06,3100.0,3200.0,3000.0,3200.0,181400
PGB,2023-02-06,19500.0,21900.0,18300.0,19400.0,93700
PGC,2023-02-06,16000.0,16200.0,16000.0,16000.0,3400
PGD,2023-02-06,28700.0,30000.0,28700.0,30000.0,2700
PGI,2023-02-06,26900.0,26900.0,26900.0,26900.0,0
PGN,2023-02-06,7900.0,8000.0,7700.0,8000.0,13800
PGS,2023-02-06,26000.0,26000.0,26000.0,26000.0,522
PGT,2023-02-06,3400.0,3500.0,3200.0,3300.0,18700
PLP,2023-02-06,4640.0,4720.0,4640.0,4700.0,69800
PBC,2023-02-06,14200.0,14200.0,13900.0,14100.0,11300
PHC,2023-02-06,6260.0,6290.0,6100.0,6200.0,111100
PHH,2023-02-06,5100.0,5100.0,5100.0,5100.0,0
PHP,2023-02-06,17500.0,17500.0,17000.0,17200.0,12200
PHR,2023-02-06,43400.0,43900.0,42100.0,43500.0,221100
PHS,2023-02-06,19400.0,19400.0,19400.0,19400.0,0
PIA,2023-02-06,23100.0,23100.0,23100.0,23100.0,0
PIC,2023-02-06,15300.0,16000.0,15300.0,16000.0,2000
PID,2023-02-06,5700.0,5700.0,5700.0,5700.0,0
PIS,2023-02-06,12100.0,12100.0,12100.0,12100.0,0
EIN,2023-02-06,2900.0,3000.0,2900.0,3000.0,36600
PIT,2023-02-06,4700.0,4980.0,4700.0,4980.0,400
PIV,2023-02-06,1100.0,1100.0,1100.0,1100.0,0
PJC,2023-02-06,23000.0,23000.0,23000.0,23000.0,11
PJS,2023-02-06,10500.0,10500.0,10500.0,10500.0,0
PJT,2023-02-06,9300.0,9700.0,9300.0,9300.0,2500
PLA,2023-02-06,4100.0,4100.0,4100.0,4100.0,0
PLC,2023-02-06,26300.0,26600.0,25600.0,26000.0,257200
PLO,2023-02-06,2500.0,2500.0,2500.0,2500.0,0
PLE,2023-02-06,32100.0,32100.0,32100.0,32100.0,0
PMC,2023-02-06,72500.0,72500.0,67000.0,67000.0,1100
PMG,2023-02-06,9910.0,10550.0,9910.0,10550.0,800
PMJ,2023-02-06,23000.0,23000.0,23000.0,23000.0,200
PMP,2023-02-06,11800.0,11800.0,11800.0,11800.0,0
PMS,2023-02-06,22200.0,22200.0,22200.0,22200.0,0
PMT,2023-02-06,7900.0,7900.0,7900.0,7900.0,900
PMW,2023-02-06,26200.0,26200.0,26200.0,26200.0,0
PNC,2023-02-06,10000.0,10000.0,10000.0,10000.0,0
PNG,2023-02-06,27000.0,27000.0,27000.0,27000.0,0
PND,2023-02-06,6500.0,6500.0,6500.0,6500.0,100
PNJ,2023-02-06,82600.0,85100.0,82600.0,83800.0,344000
PNP,2023-02-06,18500.0,18500.0,18500.0,18500.0,0
PNT,2023-02-06,7500.0,7500.0,7500.0,7500.0,0
POB,2023-02-06,50800.0,50800.0,50800.0,50800.0,0
POM,2023-02-06,5580.0,5580.0,5400.0,5450.0,87100
POT,2023-02-06,18900.0,18900.0,17400.0,17500.0,777
POV,2023-02-06,9000.0,9800.0,9000.0,9000.0,5200
DNA,2023-02-06,13900.0,13900.0,13900.0,13900.0,0
PPC,2023-02-06,14300.0,14700.0,14200.0,14700.0,102300
PPE,2023-02-06,11300.0,11300.0,11300.0,11300.0,0
PPH,2023-02-06,23300.0,23400.0,23200.0,23400.0,65400
PPI,2023-02-06,800.0,800.0,800.0,800.0,0
PPP,2023-02-06,13800.0,13800.0,13800.0,13800.0,600
PPS,2023-02-06,10300.0,11100.0,10300.0,11000.0,800
PRC,2023-02-06,43600.0,43600.0,43600.0,43600.0,0
PRO,2023-02-06,7700.0,7700.0,7700.0,7700.0,0
PSB,2023-02-06,6500.0,6500.0,6500.0,6500.0,1
PSC,2023-02-06,13200.0,13200.0,13200.0,13200.0,0
BT1,2023-02-06,13600.0,13600.0,13600.0,13600.0,100
PSD,2023-02-06,17000.0,17000.0,16300.0,16600.0,6300
PSE,2023-02-06,10500.0,10500.0,10200.0,10500.0,7700
PSG,2023-02-06,1500.0,1500.0,1500.0,1500.0,0
PSI,2023-02-06,5800.0,6000.0,5600.0,6000.0,23900
PSL,2023-02-06,15200.0,15200.0,15200.0,15200.0,0
PSP,2023-02-06,9500.0,9500.0,9500.0,9500.0,0
PTB,2023-02-06,45300.0,45300.0,43500.0,44800.0,53500
GCB,2023-02-06,17100.0,17100.0,17100.0,17100.0,0
PTC,2023-02-06,5110.0,5290.0,5030.0,5150.0,15300
PTE,2023-02-06,6400.0,6400.0,6400.0,6400.0,0
PTO,2023-02-06,18200.0,18200.0,18200.0,18200.0,0
KSF,2023-02-06,59800.0,59800.0,58600.0,58700.0,50200
PTD,2023-02-06,20900.0,20900.0,20900.0,20900.0,0
PTG,2023-02-06,300.0,300.0,300.0,300.0,0
PTH,2023-02-06,16400.0,16400.0,16400.0,16400.0,0
PTI,2023-02-06,40500.0,40500.0,40500.0,40500.0,0
PTL,2023-02-06,4320.0,4320.0,4320.0,4320.0,116700
PTN,2023-02-06,8600.0,8600.0,8600.0,8600.0,0
PTP,2023-02-06,10300.0,10300.0,10300.0,10300.0,0
PTS,2023-02-06,9500.0,9500.0,9500.0,9500.0,200
POS,2023-02-06,10200.0,10200.0,10000.0,10100.0,5300
PSN,2023-02-06,9800.0,9800.0,9800.0,9800.0,0
PTX,2023-02-06,500.0,500.0,500.0,500.0,0
PTT,2023-02-06,9800.0,9800.0,9800.0,9800.0,200
DSP,2023-02-06,11700.0,11700.0,11700.0,11700.0,0
DTD,2023-02-06,13300.0,13700.0,12900.0,13700.0,614100
DAT,2023-02-06,9950.0,10000.0,9950.0,10000.0,1600
PV2,2023-02-06,2000.0,2100.0,2000.0,2100.0,12000
PVA,2023-02-06,1700.0,1700.0,1700.0,1700.0,0
PVB,2023-02-06,12100.0,12400.0,12000.0,12400.0,66200
PBT,2023-02-06,7300.0,7300.0,7300.0,7300.0,0
PVC,2023-02-06,13600.0,13800.0,13400.0,13600.0,704800
PCE,2023-02-06,24400.0,27000.0,24400.0,27000.0,200
PVM,2023-02-06,10500.0,10700.0,10500.0,10600.0,14700
PXC,2023-02-06,500.0,500.0,500.0,500.0,0
PVH,2023-02-06,2100.0,2100.0,2100.0,2100.0,0
PVD,2023-02-06,19100.0,19500.0,18750.0,19350.0,3068800
PCN,2023-02-06,7400.0,7400.0,7400.0,7400.0,0
PVE,2023-02-06,3500.0,3500.0,3500.0,3500.0,0
PSW,2023-02-06,8000.0,8000.0,7800.0,7900.0,15700
PVG,2023-02-06,8100.0,8100.0,7600.0,7900.0,39800
PVI,2023-02-06,49500.0,49500.0,49000.0,49200.0,29400
RGC,2023-02-06,11600.0,11900.0,11000.0,11600.0,6400
PRE,2023-02-06,19600.0,19600.0,19600.0,19600.0,100
PVL,2023-02-06,3000.0,3000.0,2900.0,2900.0,402000
OIL,2023-02-06,8900.0,8900.0,8600.0,8800.0,646100
PPY,2023-02-06,9400.0,9400.0,9400.0,9400.0,100
POW,2023-02-06,12050.0,12600.0,11950.0,12550.0,9131600
PVR,2023-02-06,1500.0,1500.0,1500.0,1500.0,0
PVS,2023-02-06,23600.0,23600.0,23000.0,23500.0,5223700
PVY,2023-02-06,1300.0,1300.0,1300.0,1300.0,0
PVT,2023-02-06,19250.0,19250.0,18600.0,19150.0,1571400
PVP,2023-02-06,11800.0,11800.0,11500.0,11700.0,75800
PVV,2023-02-06,4300.0,4300.0,4300.0,4300.0,0
PVX,2023-02-06,2600.0,2600.0,2600.0,2600.0,0
PWA,2023-02-06,3900.0,4000.0,3900.0,4000.0,4100
PX1,2023-02-06,10000.0,10000.0,10000.0,10000.0,0
PXA,2023-02-06,1200.0,1200.0,1200.0,1200.0,0
PXI,2023-02-06,2100.0,2100.0,2000.0,2100.0,48400
PXL,2023-02-06,5200.0,5300.0,5100.0,5300.0,144900
PXM,2023-02-06,1100.0,1100.0,1100.0,1100.0,0
PXS,2023-02-06,4400.0,4500.0,4300.0,4400.0,212000
PXT,2023-02-06,3100.0,3200.0,3000.0,3100.0,43000
PWS,2023-02-06,11000.0,11000.0,11000.0,11000.0,0
BQB,2023-02-06,3800.0,3800.0,3800.0,3800.0,2100
QBS,2023-02-06,2020.0,2030.0,1970.0,2030.0,551900
QCC,2023-02-06,11500.0,11500.0,11500.0,11500.0,0
QCG,2023-02-06,4200.0,4250.0,4150.0,4250.0,129200
QHD,2023-02-06,36500.0,36500.0,36500.0,36500.0,0
QHW,2023-02-06,25600.0,25600.0,25600.0,25600.0,100
QNC,2023-02-06,5800.0,5800.0,5800.0,5800.0,1900
MQN,2023-02-06,24900.0,24900.0,24900.0,24900.0,39
QSP,2023-02-06,20500.0,20500.0,20500.0,20500.0,0
CQN,2023-02-06,18500.0,18500.0,18500.0,18500.0,0
PQN,2023-02-06,4000.0,4000.0,4000.0,4000.0,0
QNS,2023-02-06,37600.0,37600.0,37100.0,37300.0,151300
QNT,2023-02-06,3700.0,3700.0,3700.0,3700.0,0
QTP,2023-02-06,14800.0,15200.0,14600.0,15200.0,235300
QNU,2023-02-06,12800.0,12800.0,12800.0,12800.0,0
QNW,2023-02-06,10100.0,10100.0,10100.0,10100.0,0
QPH,2023-02-06,30000.0,30000.0,30000.0,30000.0,0
QST,2023-02-06,13100.0,13100.0,13100.0,13100.0,100
QTC,2023-02-06,13800.0,13800.0,13800.0,13800.0,0
NQN,2023-02-06,13300.0,13300.0,13300.0,13300.0,0
RAL,2023-02-06,94600.0,95800.0,93600.0,95800.0,12400
RAT,2023-02-06,9900.0,9900.0,9900.0,9900.0,0
RCC,2023-02-06,44800.0,44800.0,44800.0,44800.0,0
RCD,2023-02-06,2300.0,2300.0,2300.0,2300.0,0
RCL,2023-02-06,13500.0,13600.0,13500.0,13600.0,3000
RDP,2023-02-06,6800.0,6820.0,6500.0,6810.0,1900
REE,2023-02-06,71000.0,72900.0,70800.0,72900.0,311500
TBR,2023-02-06,6200.0,6200.0,6200.0,6200.0,0
RIC,2023-02-06,8400.0,8400.0,7300.0,8300.0,300
DS3,2023-02-06,4500.0,4500.0,4500.0,4500.0,1500
RBC,2023-02-06,15900.0,15900.0,15900.0,15900.0,0
S12,2023-02-06,3300.0,3300.0,3300.0,3300.0,0
S27,2023-02-06,1300.0,1300.0,1300.0,1300.0,0
S55,2023-02-06,51000.0,52300.0,51000.0,52300.0,3700
S72,2023-02-06,5900.0,5900.0,5900.0,5900.0,0
S74,2023-02-06,9600.0,9600.0,9600.0,9600.0,0
S96,2023-02-06,600.0,600.0,600.0,600.0,0
S99,2023-02-06,7800.0,8000.0,7800.0,8000.0,23300
BSH,2023-02-06,23000.0,23100.0,23000.0,23100.0,2000
BSQ,2023-02-06,27900.0,27900.0,27900.0,27900.0,1100
SAF,2023-02-06,50300.0,50300.0,50300.0,50300.0,44
SGN,2023-02-06,67900.0,68000.0,67900.0,67900.0,2700
SAL,2023-02-06,7900.0,7900.0,7900.0,7900.0,700
SAM,2023-02-06,6200.0,6200.0,5900.0,6060.0,294400
SKV,2023-02-06,29700.0,30900.0,27500.0,27600.0,9700
SKH,2023-02-06,25000.0,25000.0,25000.0,25000.0,5000
SAP,2023-02-06,35500.0,35500.0,35500.0,35500.0,0
APT,2023-02-06,2700.0,2700.0,2700.0,2700.0,0
CHS,2023-02-06,9000.0,9000.0,8600.0,8600.0,2700
SAS,2023-02-06,27000.0,27000.0,26300.0,26700.0,1300
BSL,2023-02-06,9800.0,9800.0,9800.0,9800.0,0
SAC,2023-02-06,8400.0,8500.0,8400.0,8400.0,302
SAV,2023-02-06,14600.0,14950.0,14500.0,14950.0,7200
VNB,2023-02-06,7700.0,8000.0,7600.0,7800.0,64200
SBA,2023-02-06,24250.0,24250.0,24250.0,24250.0,300
SAB,2023-02-06,190500.0,195400.0,190100.0,195400.0,78400
SBD,2023-02-06,11700.0,11700.0,11000.0,11700.0,132200
SBH,2023-02-06,42000.0,42000.0,42000.0,42000.0,100
SBL,2023-02-06,9700.0,9700.0,9700.0,9700.0,1
SBM,2023-02-06,31300.0,31500.0,31300.0,31400.0,220
SBS,2023-02-06,5400.0,5400.0,5200.0,5400.0,762400
SBT,2023-02-06,15850.0,16100.0,15550.0,15600.0,1881800
SC5,2023-02-06,23700.0,24000.0,23700.0,24000.0,600
SCC,2023-02-06,2800.0,2800.0,2800.0,2800.0,0
SCD,2023-02-06,15150.0,15350.0,15100.0,15350.0,4400
SCG,2023-02-06,65900.0,66300.0,65400.0,65700.0,145600
SCI,2023-02-06,9100.0,9100.0,8800.0,9000.0,12800
SID,2023-02-06,8000.0,8000.0,7900.0,7900.0,2000
SCJ,2023-02-06,5000.0,5000.0,4600.0,4900.0,22400
SCL,2023-02-06,9000.0,9000.0,8800.0,8800.0,2200
SCO,2023-02-06,4600.0,4600.0,4600.0,4600.0,0
SCR,2023-02-06,6130.0,6300.0,6020.0,6300.0,4126600
SCS,2023-02-06,75000.0,75500.0,73500.0,73900.0,90400
SCY,2023-02-06,9500.0,9500.0,9500.0,9500.0,0
SD1,2023-02-06,1100.0,1100.0,1100.0,1100.0,0
SD2,2023-02-06,7900.0,7900.0,7900.0,7900.0,0
SD3,2023-02-06,3700.0,3700.0,3700.0,3700.0,0
SD4,2023-02-06,2600.0,2600.0,2600.0,2600.0,0
SD5,2023-02-06,8000.0,8400.0,7900.0,8400.0,213900
SD6,2023-02-06,3100.0,3200.0,3100.0,3200.0,26900
SD7,2023-02-06,4200.0,4200.0,4200.0,4200.0,2900
SD8,2023-02-06,1200.0,1200.0,1200.0,1200.0,0
SD9,2023-02-06,7200.0,7200.0,7000.0,7000.0,11200
SDA,2023-02-06,6500.0,6700.0,6500.0,6600.0,11500
SDB,2023-02-06,900.0,900.0,900.0,900.0,0
SDC,2023-02-06,9100.0,9100.0,9100.0,9100.0,0
SDD,2023-02-06,2500.0,2500.0,2400.0,2500.0,26300
SDG,2023-02-06,19200.0,19200.0,19200.0,19200.0,0
SDJ,2023-02-06,3100.0,3100.0,3100.0,3100.0,0
SDK,2023-02-06,24100.0,24100.0,24100.0,24100.0,0
SDN,2023-02-06,42900.0,42900.0,42900.0,42900.0,0
SDP,2023-02-06,1500.0,1500.0,1500.0,1500.0,0
XLV,2023-02-06,7600.0,7600.0,7600.0,7600.0,0
SDT,2023-02-06,3300.0,3300.0,3300.0,3300.0,1100
SDU,2023-02-06,28300.0,28300.0,28300.0,28300.0,0
SDV,2023-02-06,30000.0,30000.0,30000.0,30000.0,0
SDX,2023-02-06,2600.0,2600.0,2600.0,2600.0,0
SDY,2023-02-06,3900.0,3900.0,3900.0,3900.0,0
SSB,2023-02-06,31900.0,31900.0,31600.0,31850.0,1005000
SEA,2023-02-06,23100.0,24000.0,23100.0,24000.0,1500
SPV,2023-02-06,14200.0,14200.0,14200.0,14200.0,0
SEB,2023-02-06,48700.0,48700.0,48700.0,48700.0,300
SED,2023-02-06,17600.0,18000.0,17600.0,18000.0,7300
SEP,2023-02-06,15200.0,15200.0,15200.0,15200.0,0
SFC,2023-02-06,18600.0,18600.0,18600.0,18600.0,0
SFG,2023-02-06,8890.0,8970.0,8890.0,8970.0,800
SFI,2023-02-06,40600.0,40900.0,40000.0,40550.0,20100
SFN,2023-02-06,23500.0,23500.0,23500.0,23500.0,0
SGB,2023-02-06,13000.0,13000.0,12900.0,12900.0,4900
BSG,2023-02-06,10900.0,12100.0,10900.0,11300.0,22200
SGC,2023-02-06,84400.0,84400.0,70300.0,70300.0,500
SGD,2023-02-06,24300.0,24300.0,24300.0,24300.0,0
SGH,2023-02-06,71000.0,71000.0,71000.0,71000.0,0
SGO,2023-02-06,600.0,600.0,600.0,600.0,0
NSG,2023-02-06,14000.0,14000.0,14000.0,14000.0,0
SGR,2023-02-06,13100.0,13900.0,13100.0,13600.0,21600
SRT,2023-02-06,5000.0,5000.0,4600.0,4600.0,400
SGS,2023-02-06,13800.0,13800.0,13800.0,13800.0,1100
SGT,2023-02-06,12950.0,13000.0,12350.0,12900.0,20800
SIP,2023-02-06,87000.0,87000.0,86000.0,86000.0,12600
TPS,2023-02-06,16200.0,16200.0,16200.0,16200.0,0
SHA,2023-02-06,4050.0,4050.0,3960.0,4000.0,15600
NSH,2023-02-06,4700.0,4700.0,4500.0,4600.0,22900
SHB,2023-02-06,10450.0,10550.0,10350.0,10450.0,6945500
SHC,2023-02-06,11300.0,11300.0,11300.0,11300.0,0
SHG,2023-02-06,2600.0,2600.0,2600.0,2600.0,0
MSH,2023-02-06,33750.0,33750.0,33000.0,33000.0,69700
SHI,2023-02-06,15400.0,15500.0,15000.0,15400.0,1024500
SHN,2023-02-06,9100.0,9100.0,7600.0,7700.0,9400
SHP,2023-02-06,27350.0,27650.0,27350.0,27400.0,5500
SHS,2023-02-06,8900.0,9100.0,8800.0,9000.0,10357100
SHX,2023-02-06,1800.0,1800.0,1800.0,1800.0,0
SBV,2023-02-06,10750.0,10900.0,10700.0,10850.0,11400
SIC,2023-02-06,22500.0,22500.0,22500.0,22500.0,100
SZC,2023-02-06,29000.0,29050.0,28000.0,28800.0,484500
SII,2023-02-06,13300.0,13300.0,13300.0,13300.0,0
SIV,2023-02-06,40000.0,40000.0,40000.0,40000.0,0
SJ1,2023-02-06,14600.0,14600.0,14600.0,14600.0,0
SJC,2023-02-06,13000.0,13000.0,13000.0,13000.0,0
SJD,2023-02-06,15250.0,15350.0,15100.0,15350.0,41600
SJE,2023-02-06,23600.0,23600.0,23600.0,23600.0,0
SJF,2023-02-06,3450.0,3460.0,3400.0,3450.0,115700
SJM,2023-02-06,5000.0,5000.0,5000.0,5000.0,100
SJS,2023-02-06,45800.0,47450.0,45000.0,47450.0,6700
SKG,2023-02-06,14350.0,14850.0,14100.0,14700.0,207300
SKN,2023-02-06,6000.0,6000.0,6000.0,6000.0,0
SLS,2023-02-06,151000.0,151000.0,147700.0,151000.0,15800
SMA,2023-02-06,7050.0,7050.0,7050.0,7050.0,0
SMB,2023-02-06,42000.0,42500.0,42000.0,42000.0,1600
SMC,2023-02-06,9910.0,10100.0,9850.0,9990.0,198100
SMT,2023-02-06,7700.0,8000.0,7400.0,7400.0,1700
SNC,2023-02-06,14700.0,14700.0,14700.0,14700.0,0
SMN,2023-02-06,14200.0,14200.0,14200.0,14200.0,0
SIG,2023-02-06,6500.0,6500.0,6500.0,6500.0,600
SNZ,2023-02-06,22700.0,23000.0,22700.0,23000.0,600
SZG,2023-02-06,32000.0,32200.0,32000.0,32000.0,18800
SJG,2023-02-06,15100.0,15100.0,15100.0,15100.0,0
SHE,2023-02-06,11000.0,11000.0,11000.0,11000.0,0
SBR,2023-02-06,11500.0,11500.0,11500.0,11500.0,0
NSL,2023-02-06,18800.0,19000.0,18800.0,18900.0,2000
SPB,2023-02-06,27800.0,27800.0,27800.0,27800.0,0
SPC,2023-02-06,16500.0,16500.0,16500.0,16500.0,0
SPD,2023-02-06,11500.0,11500.0,11500.0,11500.0,0
SPH,2023-02-06,13500.0,13500.0,13500.0,13500.0,0
SP2,2023-02-06,15100.0,15100.0,15100.0,15100.0,0
SPI,2023-02-06,2300.0,2300.0,2300.0,2300.0,16500
SPM,2023-02-06,14000.0,14000.0,14000.0,14000.0,0
ISH,2023-02-06,17800.0,17800.0,17800.0,17800.0,100
SPP,2023-02-06,600.0,600.0,600.0,600.0,0
SQC,2023-02-06,6900.0,6900.0,6900.0,6900.0,0
SRA,2023-02-06,3600.0,3600.0,3400.0,3400.0,237700
SRB,2023-02-06,1900.0,1900.0,1800.0,1800.0,11100
SRC,2023-02-06,22850.0,22850.0,22850.0,22850.0,500
SRF,2023-02-06,11500.0,11500.0,11500.0,11500.0,100
TSG,2023-02-06,10000.0,10000.0,10000.0,10000.0,0
S4A,2023-02-06,32550.0,34050.0,32550.0,34000.0,300
SSC,2023-02-06,28650.0,28650.0,28650.0,28650.0,0
SSF,2023-02-06,10300.0,10300.0,10300.0,10300.0,0
SSG,2023-02-06,7500.0,7500.0,7500.0,7500.0,0
SSI,2023-02-06,19600.0,20000.0,19400.0,20000.0,11491400
SSM,2023-02-06,3700.0,3700.0,3700.0,3700.0,0
SSN,2023-02-06,3500.0,3600.0,3400.0,3500.0,35300
ST8,2023-02-06,11200.0,11250.0,11200.0,11250.0,104600
STB,2023-02-06,26100.0,26400.0,25600.0,25700.0,19292700
STC,2023-02-06,16500.0,18600.0,16400.0,18600.0,1600
STG,2023-02-06,37800.0,38500.0,37800.0,38500.0,1300
STL,2023-02-06,1600.0,1600.0,1600.0,1600.0,0
STP,2023-02-06,6500.0,7000.0,6500.0,7000.0,900
STS,2023-02-06,24100.0,24100.0,24100.0,24100.0,0
STT,2023-02-06,2100.0,2100.0,2100.0,2100.0,0
STW,2023-02-06,4000.0,4000.0,4000.0,4000.0,0
SVC,2023-02-06,52900.0,53000.0,52900.0,53000.0,800
SVD,2023-02-06,3000.0,3070.0,2970.0,3010.0,62800
SVG,2023-02-06,4400.0,4400.0,4400.0,4400.0,3300
SVH,2023-02-06,6000.0,6000.0,6000.0,6000.0,0
SVI,2023-02-06,66600.0,66600.0,66600.0,66600.0,0
SVN,2023-02-06,3800.0,4000.0,3800.0,4000.0,3600
SVT,2023-02-06,11600.0,11700.0,11100.0,11100.0,1200
SWC,2023-02-06,22000.0,22000.0,21500.0,21700.0,10700
SZE,2023-02-06,11700.0,11700.0,11700.0,11700.0,200
SZL,2023-02-06,48000.0,48500.0,48000.0,48500.0,400
SZB,2023-02-06,28000.0,28000.0,27800.0,27800.0,200
TA3,2023-02-06,5700.0,5700.0,5700.0,5700.0,0
TA6,2023-02-06,13900.0,13900.0,13900.0,13900.0,0
TA9,2023-02-06,12500.0,12500.0,12500.0,12500.0,300
TKA,2023-02-06,9100.0,9100.0,9100.0,9100.0,0
AST,2023-02-06,58900.0,58900.0,56000.0,57000.0,71500
TAW,2023-02-06,19900.0,19900.0,19900.0,19900.0,0
TB8,2023-02-06,9100.0,9100.0,9100.0,9100.0,0
TBC,2023-02-06,31500.0,31550.0,31500.0,31550.0,5100
TBD,2023-02-06,70200.0,70200.0,60600.0,63000.0,2400
TBH,2023-02-06,7300.0,7300.0,7300.0,7300.0,0
RTB,2023-02-06,20900.0,20900.0,16100.0,16500.0,1300
TBT,2023-02-06,4700.0,4700.0,4700.0,4700.0,0
TBX,2023-02-06,22300.0,22300.0,22300.0,22300.0,0
TC6,2023-02-06,8400.0,8400.0,7500.0,7500.0,861400
TCB,2023-02-06,27100.0,28000.0,27050.0,27950.0,3145100
TCL,2023-02-06,34450.0,34500.0,34050.0,34500.0,15700
TCM,2023-02-06,47900.0,48500.0,46800.0,48100.0,686600
TCO,2023-02-06,8440.0,8440.0,8250.0,8300.0,7800
TCR,2023-02-06,3300.0,3300.0,3300.0,3300.0,500
FUCVREIT,2023-02-06,7480.0,7480.0,7480.0,7480.0,0
TCI,2023-02-06,8000.0,8200.0,7800.0,8100.0,273200
TCT,2023-02-06,34500.0,34500.0,32050.0,34100.0,11100
G36,2023-02-06,7300.0,7300.0,7100.0,7100.0,79600
TCW,2023-02-06,26000.0,26000.0,25900.0,26000.0,6600
TDC,2023-02-06,10150.0,10450.0,10000.0,10150.0,349500
VCP,2023-02-06,25500.0,25500.0,24500.0,25100.0,4802
GTD,2023-02-06,10800.0,10800.0,10800.0,10800.0,0
TDG,2023-02-06,3920.0,3920.0,3600.0,3750.0,73700
TDH,2023-02-06,3120.0,3120.0,3070.0,3100.0,20600
TTD,2023-02-06,75000.0,75000.0,75000.0,75000.0,0
TDM,2023-02-06,36900.0,36900.0,36000.0,36300.0,69900
TDN,2023-02-06,10100.0,10400.0,9800.0,10100.0,50600
NTH,2023-02-06,48000.0,48000.0,48000.0,48000.0,0
TDP,2023-02-06,31700.0,31800.0,30500.0,31800.0,132000
TDS,2023-02-06,11200.0,11200.0,11200.0,11200.0,100
TDT,2023-02-06,7500.0,7900.0,7500.0,7800.0,12900
TDW,2023-02-06,41000.0,41000.0,41000.0,41000.0,100
CET,2023-02-06,3500.0,3500.0,3500.0,3500.0,0
TED,2023-02-06,34500.0,34500.0,34500.0,34500.0,0
TEG,2023-02-06,9290.0,9290.0,9050.0,9200.0,122300
TEL,2023-02-06,7200.0,7200.0,7200.0,7200.0,0
TET,2023-02-06,30300.0,30300.0,30300.0,30300.0,0
TFC,2023-02-06,7200.0,7200.0,7200.0,7200.0,0
TGG,2023-02-06,3740.0,3800.0,3610.0,3790.0,168300
TGP,2023-02-06,5300.0,5300.0,5300.0,5300.0,0
TH1,2023-02-06,3900.0,3900.0,3900.0,3900.0,0
MTB,2023-02-06,10000.0,10000.0,10000.0,10000.0,0
TLP,2023-02-06,7700.0,7700.0,6900.0,7400.0,300
TDI,2023-02-06,12000.0,12000.0,12000.0,12000.0,0
THN,2023-02-06,3700.0,3700.0,3700.0,3700.0,0
THB,2023-02-06,12000.0,12000.0,12000.0,12000.0,0
BTB,2023-02-06,5300.0,5300.0,5300.0,5300.0,0
THD,2023-02-06,40900.0,40900.0,40600.0,40600.0,8500
DTH,2023-02-06,13600.0,13600.0,13600.0,13600.0,0
THG,2023-02-06,43300.0,43800.0,42600.0,43800.0,18900
THI,2023-02-06,24800.0,24800.0,24000.0,24000.0,200
TQN,2023-02-06,25700.0,25700.0,25700.0,25700.0,0
THS,2023-02-06,20300.0,20300.0,20300.0,20300.0,0
THT,2023-02-06,12000.0,12300.0,11500.0,11800.0,92300
THU,2023-02-06,9800.0,9800.0,9800.0,9800.0,0
TAN,2023-02-06,55100.0,55100.0,55100.0,55100.0,0
THW,2023-02-06,8300.0,8300.0,8300.0,8300.0,100
TIE,2023-02-06,2700.0,2700.0,2700.0,2700.0,100
TTH,2023-02-06,2000.0,2200.0,2000.0,2200.0,101100
TIG,2023-02-06,8700.0,8900.0,8600.0,8800.0,698500
TID,2023-02-06,26000.0,26600.0,26000.0,26500.0,16000
TIP,2023-02-06,17400.0,17600.0,17100.0,17450.0,36600
DTG,2023-02-06,28000.0,28000.0,28000.0,28000.0,158
TIS,2023-02-06,4900.0,4900.0,4800.0,4900.0,2600
TIX,2023-02-06,33000.0,33000.0,33000.0,33000.0,0
TJC,2023-02-06,19500.0,19500.0,19500.0,19500.0,0
TKC,2023-02-06,2400.0,2500.0,2400.0,2500.0,72600
TKG,2023-02-06,13100.0,13100.0,13000.0,13000.0,20500
TKU,2023-02-06,12000.0,12900.0,12000.0,12900.0,3100
TL4,2023-02-06,6100.0,6100.0,6100.0,6100.0,1100
TLD,2023-02-06,3310.0,3370.0,3300.0,3350.0,200400
TLG,2023-02-06,52100.0,52100.0,51300.0,52000.0,25900
TTL,2023-02-06,10600.0,10600.0,10600.0,10600.0,1000
TLH,2023-02-06,6800.0,6820.0,6710.0,6800.0,280200
TLI,2023-02-06,7700.0,7700.0,7700.0,7700.0,0
MBS,2023-02-06,14400.0,14400.0,13800.0,14100.0,1381200
TLT,2023-02-06,20600.0,20600.0,20600.0,20600.0,0
TMC,2023-02-06,11000.0,11000.0,11000.0,11000.0,0
TMP,2023-02-06,54600.0,54900.0,54600.0,54900.0,3200
TMS,2023-02-06,53000.0,53800.0,52700.0,53800.0,44500
TMT,2023-02-06,13250.0,13250.0,12300.0,12300.0,13600
TMW,2023-02-06,12700.0,12700.0,12700.0,12700.0,0
TMX,2023-02-06,8500.0,8500.0,8500.0,8500.0,0
TN1,2023-02-06,17250.0,17250.0,17100.0,17100.0,700
TNA,2023-02-06,6450.0,6450.0,6100.0,6190.0,13600
TNB,2023-02-06,15300.0,15300.0,15300.0,15300.0,0
STH,2023-02-06,5400.0,5700.0,5300.0,5400.0,38000
TNC,2023-02-06,55600.0,55600.0,55600.0,55600.0,0
BAX,2023-02-06,70200.0,70200.0,70000.0,70000.0,3900
TNS,2023-02-06,2900.0,3000.0,2900.0,3000.0,12400
TNG,2023-02-06,15000.0,15100.0,14500.0,14900.0,1082500
TNI,2023-02-06,3140.0,3140.0,3040.0,3090.0,167100
TNM,2023-02-06,3500.0,3500.0,3500.0,3500.0,0
TNP,2023-02-06,22300.0,22300.0,22300.0,22300.0,0
TNT,2023-02-06,3530.0,3550.0,3440.0,3450.0,66100
TCJ,2023-02-06,5000.0,5000.0,5000.0,5000.0,0
TOP,2023-02-06,1500.0,1500.0,1500.0,1500.0,0
TOT,2023-02-06,11700.0,12700.0,11600.0,12700.0,1100
TPB,2023-02-06,23800.0,24200.0,23750.0,24100.0,4560200
BCF,2023-02-06,37200.0,37200.0,37200.0,37200.0,90
TPC,2023-02-06,7100.0,7100.0,7090.0,7100.0,700
TPH,2023-02-06,14500.0,14500.0,14500.0,14500.0,0
TPP,2023-02-06,10400.0,10400.0,10400.0,10400.0,0
THP,2023-02-06,9400.0,11200.0,9200.0,9400.0,1636
TRA,2023-02-06,90400.0,90400.0,90400.0,90400.0,0
TR1,2023-02-06,10000.0,10000.0,10000.0,10000.0,0
TCD,2023-02-06,6700.0,7000.0,6600.0,6880.0,213800
TVW,2023-02-06,8500.0,8500.0,8500.0,8500.0,0
TRC,2023-02-06,30000.0,30000.0,30000.0,30000.0,500
TRS,2023-02-06,20900.0,20900.0,20900.0,20900.0,500
TAR,2023-02-06,12900.0,13600.0,12500.0,13400.0,1527800
TDF,2023-02-06,16700.0,16700.0,16700.0,16700.0,0
TVB,2023-02-06,3990.0,4020.0,3950.0,4000.0,172500
TS4,2023-02-06,1500.0,1500.0,1500.0,1500.0,0
TSB,2023-02-06,42000.0,42000.0,39500.0,39500.0,41669
TSC,2023-02-06,3480.0,3580.0,3400.0,3520.0,697000
TSD,2023-02-06,6500.0,6500.0,6500.0,6500.0,0
TST,2023-02-06,11700.0,11700.0,11700.0,11700.0,0
TTA,2023-02-06,9600.0,9650.0,9360.0,9600.0,168600
TTB,2023-02-06,3940.0,3940.0,3800.0,3880.0,37600
TTC,2023-02-06,12000.0,12100.0,12000.0,12000.0,26900
TTT,2023-02-06,44000.0,44000.0,44000.0,44000.0,0
TTF,2023-02-06,4450.0,4450.0,4350.0,4430.0,757500
TTG,2023-02-06,4600.0,4600.0,4600.0,4600.0,0
HUB,2023-02-06,15400.0,15600.0,15250.0,15600.0,19400
TRT,2023-02-06,10000.0,10000.0,10000.0,10000.0,0
TTN,2023-02-06,8200.0,8500.0,8200.0,8500.0,36700
TTP,2023-02-06,42000.0,42000.0,42000.0,42000.0,0
TTZ,2023-02-06,1800.0,1800.0,1800.0,1800.0,0
GND,2023-02-06,29800.0,29800.0,26000.0,26700.0,1900
TQW,2023-02-06,9200.0,9200.0,9200.0,9200.0,0
TV1,2023-02-06,11900.0,11900.0,11900.0,11900.0,0
TV2,2023-02-06,23000.0,23700.0,23000.0,23700.0,35200
TV3,2023-02-06,15300.0,16700.0,15300.0,16700.0,300
TV4,2023-02-06,13400.0,13400.0,13400.0,13400.0,5000
TV6,2023-02-06,2600.0,2700.0,2600.0,2700.0,200
TVA,2023-02-06,15900.0,15900.0,15900.0,15900.0,0
TVC,2023-02-06,5000.0,5100.0,4900.0,5000.0,237100
TVD,2023-02-06,13500.0,13800.0,12900.0,13300.0,369700
TVG,2023-02-06,17700.0,17700.0,17700.0,17700.0,1
TVP,2023-02-06,21000.0,21000.0,21000.0,21000.0,8700
TVS,2023-02-06,23000.0,23000.0,23000.0,23000.0,200
TNW,2023-02-06,6600.0,6600.0,6600.0,6600.0,0
TXM,2023-02-06,3300.0,3400.0,3300.0,3400.0,3300
TYA,2023-02-06,12700.0,12850.0,12700.0,12850.0,200
UCT,2023-02-06,10500.0,10500.0,10500.0,10500.0,0
UDC,2023-02-06,4770.0,5140.0,4770.0,5030.0,22200
UDJ,2023-02-06,10400.0,10800.0,10400.0,10700.0,53500
UEM,2023-02-06,32000.0,32000.0,32000.0,32000.0,0
FCC,2023-02-06,7500.0,7500.0,7500.0,7500.0,0
UIC,2023-02-06,36700.0,36700.0,36700.0,36700.0,100
UMC,2023-02-06,9700.0,9700.0,9700.0,9700.0,0
UNI,2023-02-06,9400.0,9400.0,9400.0,9400.0,0
UPC,2023-02-06,15300.0,15300.0,15300.0,15300.0,0
UPH,2023-02-06,10100.0,10100.0,10100.0,10100.0,0
USC,2023-02-06,10000.0,10000.0,10000.0,10000.0,0
USD,2023-02-06,12500.0,12500.0,12500.0,12500.0,0
V11,2023-02-06,600.0,600.0,600.0,600.0,0
V12,2023-02-06,12400.0,12400.0,12400.0,12400.0,0
V15,2023-02-06,700.0,700.0,700.0,700.0,0
V21,2023-02-06,3400.0,3500.0,3400.0,3500.0,1100
VAB,2023-02-06,7900.0,8000.0,7900.0,7900.0,24400
VAF,2023-02-06,10300.0,10300.0,10300.0,10300.0,0
PAT,2023-02-06,88000.0,88000.0,86900.0,87100.0,15300
VAT,2023-02-06,1000.0,1000.0,1000.0,1000.0,0
VAV,2023-02-06,22300.0,22300.0,22300.0,22300.0,0
VBC,2023-02-06,24000.0,24000.0,24000.0,24000.0,0
VBH,2023-02-06,13700.0,13700.0,13700.0,13700.0,0
VC1,2023-02-06,9500.0,9500.0,9500.0,9500.0,0
VC2,2023-02-06,9000.0,9200.0,8900.0,9000.0,139700
VC3,2023-02-06,29400.0,30000.0,28200.0,29500.0,172500
VC5,2023-02-06,1000.0,1000.0,1000.0,1000.0,0
VC6,2023-02-06,8600.0,9300.0,7900.0,7900.0,1700
VC7,2023-02-06,7800.0,7900.0,7600.0,7600.0,130000
VC9,2023-02-06,6000.0,6000.0,5900.0,6000.0,4900
VCA,2023-02-06,11200.0,11200.0,10800.0,10800.0,3000
VCB,2023-02-06,92600.0,96300.0,91500.0,96000.0,1147800
VCC,2023-02-06,13400.0,14000.0,13400.0,14000.0,3100
CCV,2023-02-06,32500.0,32500.0,32500.0,32500.0,0
VCF,2023-02-06,240800.0,240800.0,240800.0,240800.0,0
VCG,2023-02-06,20300.0,20800.0,20250.0,20500.0,4308800
VIH,2023-02-06,13800.0,13800.0,13800.0,13800.0,0
CLM,2023-02-06,68000.0,68000.0,68000.0,68000.0,1700
VCM,2023-02-06,21000.0,21000.0,21000.0,21000.0,0
VCR,2023-02-06,23700.0,23900.0,23600.0,23600.0,11600
VCS,2023-02-06,53500.0,53500.0,51600.0,52300.0,90600
VCI,2023-02-06,27200.0,27300.0,26500.0,27250.0,4013400
VCT,2023-02-06,16000.0,16000.0,16000.0,16000.0,0
VCX,2023-02-06,4900.0,4900.0,4900.0,4900.0,4700
VDB,2023-02-06,900.0,900.0,900.0,900.0,0
VDL,2023-02-06,20000.0,20000.0,20000.0,20000.0,0
VDN,2023-02-06,14000.0,14000.0,14000.0,14000.0,0
VDS,2023-02-06,7750.0,7800.0,7600.0,7800.0,121900
VDT,2023-02-06,27900.0,27900.0,27900.0,27900.0,2
VE1,2023-02-06,2600.0,2600.0,2600.0,2600.0,0
VE2,2023-02-06,6200.0,6200.0,6200.0,6200.0,0
VE3,2023-02-06,9400.0,9400.0,9400.0,9400.0,100
VE4,2023-02-06,83000.0,83000.0,83000.0,83000.0,0
VE8,2023-02-06,4900.0,4900.0,4900.0,4900.0,0
VE9,2023-02-06,1900.0,1900.0,1800.0,1800.0,4600
VEA,2023-02-06,40300.0,40700.0,40200.0,40500.0,70800
VEF,2023-02-06,68000.0,69000.0,68000.0,68000.0,3900
VEC,2023-02-06,12500.0,12500.0,11600.0,11700.0,41400
VES,2023-02-06,4100.0,4100.0,4100.0,4100.0,0
VFC,2023-02-06,61100.0,61100.0,61100.0,61100.0,0
VFG,2023-02-06,37100.0,39200.0,37100.0,39200.0,1600
VFR,2023-02-06,7200.0,7200.0,7200.0,7200.0,0
VFS,2023-02-06,25500.0,27500.0,25500.0,26400.0,48500
VGC,2023-02-06,37000.0,37350.0,36300.0,37350.0,514700
VGP,2023-02-06,26800.0,26800.0,26800.0,26800.0,0
VGS,2023-02-06,13600.0,13600.0,12100.0,12300.0,428100
VUA,2023-02-06,41900.0,41900.0,40900.0,40900.0,81300
NDT,2023-02-06,8000.0,8100.0,7700.0,8000.0,85900
VHC,2023-02-06,68600.0,69200.0,68000.0,68600.0,137600
VHF,2023-02-06,15000.0,15000.0,15000.0,15000.0,0
VHG,2023-02-06,2500.0,2500.0,2300.0,2500.0,470800
VHH,2023-02-06,9000.0,9000.0,9000.0,9000.0,100
VHL,2023-02-06,22500.0,22500.0,22500.0,22500.0,0
VIB,2023-02-06,23800.0,24100.0,23550.0,23650.0,3202500
VIC,2023-02-06,55300.0,56000.0,54300.0,56000.0,1411900
TVT,2023-02-06,22950.0,22950.0,22900.0,22900.0,2100
VID,2023-02-06,5900.0,5950.0,5900.0,5950.0,300
SB1,2023-02-06,9000.0,9000.0,9000.0,9000.0,0
PVO,2023-02-06,5200.0,5300.0,5200.0,5300.0,2400
MBG,2023-02-06,4900.0,4900.0,4700.0,4800.0,1122100
VDP,2023-02-06,35300.0,37950.0,35300.0,37950.0,400
VIE,2023-02-06,4800.0,4800.0,4800.0,4800.0,100
MVB,2023-02-06,16500.0,16500.0,16500.0,16500.0,3000
VJC,2023-02-06,108100.0,110500.0,107500.0,109500.0,234100
DVM,2023-02-06,12400.0,12400.0,12000.0,12300.0,99701
VTD,2023-02-06,10500.0,10700.0,10400.0,10600.0,57600
VTR,2023-02-06,27000.0,27000.0,27000.0,27000.0,0
VIG,2023-02-06,5700.0,5900.0,5600.0,5700.0,52000
VLC,2023-02-06,15800.0,15900.0,15600.0,15800.0,108100
VIM,2023-02-06,25000.0,25000.0,25000.0,25000.0,0
TVM,2023-02-06,10000.0,10000.0,10000.0,10000.0,0
TMG,2023-02-06,58100.0,58100.0,58100.0,58100.0,0
VIN,2023-02-06,20500.0,20500.0,20500.0,20500.0,100
DTK,2023-02-06,9800.0,9800.0,9800.0,9800.0,100
VIF,2023-02-06,14700.0,14700.0,14700.0,14700.0,100
VHE,2023-02-06,3300.0,3300.0,3200.0,3300.0,158200
VHD,2023-02-06,7200.0,7200.0,7200.0,7200.0,100
VVN,2023-02-06,3300.0,3300.0,3300.0,3300.0,0
KIP,2023-02-06,7600.0,7600.0,7600.0,7600.0,0
VGT,2023-02-06,12100.0,12100.0,11800.0,12100.0,418900
VMT,2023-02-06,26600.0,26600.0,26600.0,26600.0,0
VGL,2023-02-06,21100.0,21100.0,21100.0,21100.0,1
VIP,2023-02-06,9650.0,10250.0,9650.0,10200.0,465600
GVT,2023-02-06,109000.0,109000.0,109000.0,109000.0,0
VPS,2023-02-06,8700.0,8950.0,8700.0,8950.0,900
VGR,2023-02-06,30000.0,38000.0,30000.0,35300.0,300
VLP,2023-02-06,600.0,600.0,600.0,600.0,0
VIR,2023-02-06,7000.0,7000.0,7000.0,7000.0,0
VSN,2023-02-06,24500.0,24500.0,24500.0,24500.0,110
VIT,2023-02-06,18100.0,18100.0,18100.0,18100.0,0
VWS,2023-02-06,17600.0,17600.0,17600.0,17600.0,0
VIW,2023-02-06,10300.0,10300.0,10300.0,10300.0,0
VIX,2023-02-06,7250.0,7600.0,7200.0,7600.0,6332100
VKC,2023-02-06,1600.0,1700.0,1600.0,1700.0,110200
VKP,2023-02-06,500.0,500.0,500.0,500.0,0
VLA,2023-02-06,63800.0,63800.0,63800.0,63800.0,0
VLF,2023-02-06,1200.0,1200.0,1200.0,1200.0,0
VMC,2023-02-06,9700.0,9700.0,9700.0,9700.0,0
VMD,2023-02-06,19500.0,19500.0,18800.0,19450.0,4100
VMS,2023-02-06,19800.0,19800.0,19800.0,19800.0,0
VMG,2023-02-06,3800.0,4600.0,3800.0,4600.0,14400
ABC,2023-02-06,8200.0,8200.0,8200.0,8200.0,0
MGC,2023-02-06,4500.0,4700.0,4000.0,4400.0,2700
VMA,2023-02-06,5800.0,5800.0,5800.0,5800.0,0
MTS,2023-02-06,12600.0,12600.0,12600.0,12600.0,0
VNA,2023-02-06,29200.0,29200.0,29200.0,29200.0,0
AIC,2023-02-06,10000.0,10200.0,10000.0,10200.0,2300
HVN,2023-02-06,12100.0,12350.0,11950.0,12150.0,1393800
VNC,2023-02-06,35000.0,35000.0,35000.0,35000.0,0
VGV,2023-02-06,14200.0,14400.0,14200.0,14400.0,700
CGV,2023-02-06,3000.0,3000.0,2900.0,2900.0,1000
TMB,2023-02-06,27000.0,27000.0,25300.0,26200.0,20400
VND,2023-02-06,14900.0,15150.0,14750.0,15150.0,15424200
VNE,2023-02-06,9420.0,9600.0,9300.0,9600.0,315000
E12,2023-02-06,4900.0,5000.0,4900.0,5000.0,1900
VNF,2023-02-06,9000.0,9000.0,9000.0,9000.0,41100
BMV,2023-02-06,29100.0,29100.0,29100.0,29100.0,0
VSF,2023-02-06,4800.0,4800.0,4800.0,4800.0,0
VNG,2023-02-06,9560.0,9600.0,9560.0,9600.0,1500
VNZ,2023-02-06,510900.0,510900.0,510900.0,510900.0,100
VNH,2023-02-06,2500.0,2500.0,2500.0,2500.0,9300
VNI,2023-02-06,11000.0,11000.0,11000.0,11000.0,0
VNL,2023-02-06,19700.0,20300.0,19400.0,20100.0,25800
MVN,2023-02-06,17400.0,17400.0,17400.0,17400.0,0
VLG,2023-02-06,3600.0,3600.0,3600.0,3600.0,300
VNM,2023-02-06,75900.0,77500.0,75900.0,77400.0,1893000
VPD,2023-02-06,24500.0,24500.0,24000.0,24050.0,23500
DVN,2023-02-06,16700.0,16800.0,16700.0,16800.0,2000
VNP,2023-02-06,10700.0,10700.0,9600.0,10200.0,6300
VNR,2023-02-06,23500.0,23700.0,22800.0,23400.0,34900
GVR,2023-02-06,15350.0,15600.0,15200.0,15600.0,1189800
VNS,2023-02-06,18350.0,18550.0,18350.0,18550.0,1000
TVN,2023-02-06,5500.0,5600.0,5400.0,5500.0,93700
VNT,2023-02-06,59700.0,59700.0,59700.0,59700.0,0
VXT,2023-02-06,25000.0,25000.0,25000.0,25000.0,0
VNY,2023-02-06,4600.0,4600.0,4600.0,4600.0,0
VNX,2023-02-06,33000.0,33000.0,33000.0,33000.0,0
VOC,2023-02-06,21900.0,21900.0,21500.0,21500.0,41400
VOS,2023-02-06,10450.0,10900.0,10250.0,10650.0,582300
VSA,2023-02-06,20000.0,20000.0,20000.0,20000.0,700
VPB,2023-02-06,18150.0,18550.0,17950.0,18500.0,16816300
VPC,2023-02-06,6900.0,6900.0,6900.0,6900.0,0
VPG,2023-02-06,13350.0,13350.0,13000.0,13300.0,1149600
VPH,2023-02-06,4190.0,4210.0,4140.0,4190.0,57700
VPR,2023-02-06,23000.0,23000.0,23000.0,23000.0,0
VPA,2023-02-06,3400.0,3400.0,3100.0,3200.0,1611
VPI,2023-02-06,52700.0,52900.0,52500.0,52600.0,706900
VPW,2023-02-06,6400.0,6400.0,6400.0,6400.0,0
NVP,2023-02-06,7200.0,7200.0,7200.0,7200.0,0
VQC,2023-02-06,16600.0,16600.0,16600.0,16600.0,0
VRC,2023-02-06,8540.0,8880.0,8540.0,8540.0,42700
VRG,2023-02-06,22900.0,22900.0,22900.0,22900.0,200
VRE,2023-02-06,28500.0,29500.0,28300.0,29500.0,936400
VSC,2023-02-06,30100.0,30100.0,29550.0,29750.0,114500
VSE,2023-02-06,6100.0,6100.0,6000.0,6000.0,3600
VSG,2023-02-06,1800.0,1800.0,1800.0,1800.0,0
VSH,2023-02-06,36800.0,36800.0,35500.0,36600.0,42600
VSI,2023-02-06,16650.0,18000.0,16650.0,18000.0,600
VST,2023-02-06,3200.0,3200.0,3200.0,3200.0,0
VTA,2023-02-06,4600.0,4700.0,4600.0,4600.0,5100
VTB,2023-02-06,16200.0,16200.0,16200.0,16200.0,0
VTC,2023-02-06,12600.0,12600.0,12600.0,12600.0,100
VTE,2023-02-06,6600.0,6600.0,6600.0,6600.0,0
VGG,2023-02-06,38000.0,38000.0,38000.0,38000.0,700
VGI,2023-02-06,21200.0,21300.0,20500.0,20700.0,508700
VTH,2023-02-06,8100.0,8100.0,8100.0,8100.0,0
VTI,2023-02-06,6200.0,6200.0,6200.0,6200.0,0
VTJ,2023-02-06,3900.0,3900.0,3900.0,3900.0,0
VTK,2023-02-06,21000.0,21000.0,21000.0,21000.0,1008
VTL,2023-02-06,13800.0,13800.0,13800.0,13800.0,0
VTM,2023-02-06,21800.0,21800.0,21800.0,21800.0,0
VTO,2023-02-06,7800.0,7860.0,7700.0,7860.0,100100
VTP,2023-02-06,27200.0,27200.0,26600.0,27100.0,182400
VTQ,2023-02-06,27400.0,27400.0,27400.0,27400.0,0
VTS,2023-02-06,32000.0,32000.0,32000.0,32000.0,0
VBB,2023-02-06,10500.0,10500.0,10200.0,10300.0,1000
DLT,2023-02-06,15000.0,15000.0,15000.0,15000.0,0
VTV,2023-02-06,4900.0,5000.0,4900.0,4900.0,8000
CAB,2023-02-06,16400.0,16400.0,14700.0,14800.0,3300
VTX,2023-02-06,18000.0,18000.0,18000.0,18000.0,0
CLH,2023-02-06,29400.0,29400.0,29400.0,29400.0,0
VLW,2023-02-06,20500.0,20500.0,20500.0,20500.0,0
VW3,2023-02-06,12000.0,12000.0,12000.0,12000.0,0
VCW,2023-02-06,44000.0,44000.0,44000.0,44000.0,0
VXB,2023-02-06,13100.0,13100.0,13100.0,13100.0,0
VXP,2023-02-06,30600.0,30600.0,30600.0,30600.0,0
WCS,2023-02-06,163300.0,163300.0,163300.0,163300.0,0
WSB,2023-02-06,47800.0,47800.0,45300.0,46000.0,1000
WSS,2023-02-06,5000.0,5300.0,5000.0,5300.0,4600
WTC,2023-02-06,12400.0,12400.0,12400.0,12400.0,0
X20,2023-02-06,8600.0,8600.0,8600.0,8600.0,0
X26,2023-02-06,16000.0,16000.0,16000.0,16000.0,0
X77,2023-02-06,300.0,300.0,300.0,300.0,0
EPH,2023-02-06,10600.0,10600.0,10600.0,10600.0,1000
DFC,2023-02-06,17300.0,17300.0,17300.0,17300.0,0
XMC,2023-02-06,7700.0,7700.0,6700.0,7300.0,15900
XMD,2023-02-06,6300.0,6300.0,6300.0,6300.0,0
CQT,2023-02-06,12200.0,12200.0,12200.0,12200.0,300
XPH,2023-02-06,8600.0,8600.0,8600.0,8600.0,0
XHC,2023-02-06,33000.0,33000.0,33000.0,33000.0,0
XMP,2023-02-06,19000.0,19000.0,19000.0,19000.0,0
YBC,2023-02-06,5600.0,5600.0,5600.0,5600.0,0
YBM,2023-02-06,5700.0,5770.0,5570.0,5640.0,8200
YEG,2023-02-06,9010.0,9480.0,9010.0,9430.0,14500
YTC,2023-02-06,110000.0,110000.0,110000.0,110000.0,0
